timestamp,temperature,humidity,motion,ldr,outTemperature,outHumidity,outLdr
2025-12-22 00:00:00,21.8,34.0,0,4095,9.6,81.4,3970
2025-12-22 00:01:00,21.8,34.0,0,4095,9.6,81.65,3971
2025-12-22 00:02:00,21.8,34.0,0,4095,9.6,81.9,4009
2025-12-22 00:03:00,21.8,34.0,0,4095,9.48,81.78,3982
2025-12-22 00:04:00,21.8,34.0,0,4095,9.33,82.27,3989
2025-12-22 00:05:00,21.8,34.0,0,4095,9.35,83.1,3971
2025-12-22 00:06:00,21.8,34.0,0,4095,9.3,83.23,3980
2025-12-22 00:07:00,21.8,34.0,0,4095,9.27,83.2,3969
2025-12-22 00:08:00,21.8,34.0,0,4095,9.2,83.17,3999
2025-12-22 00:09:00,21.8,34.0,0,4095,9.2,83.33,3998
2025-12-22 00:10:00,21.8,34.0,0,4095,9.2,83.53,3976
2025-12-22 00:11:00,21.8,34.0,0,4095,9.25,83.87,4004
2025-12-22 00:12:00,21.8,34.0,0,4095,9.33,84.12,4006
2025-12-22 00:13:00,21.8,34.0,0,4095,9.4,83.83,4002
2025-12-22 00:14:00,21.8,34.0,0,4095,9.4,83.5,3999
2025-12-22 00:15:00,21.8,34.0,0,4095,9.4,83.2,4016
2025-12-22 00:16:00,21.8,34.0,0,4095,9.4,83.23,3983
2025-12-22 00:17:00,21.8,34.0,0,4095,9.4,83.02,4006
2025-12-22 00:18:00,21.8,34.0,0,4095,9.4,82.35,3980
2025-12-22 00:19:00,21.8,34.0,0,4095,9.4,82.33,4006
2025-12-22 00:20:00,21.8,34.0,0,4095,9.4,82.25,3972
2025-12-22 00:21:00,21.8,34.0,0,4095,9.4,82.2,3992
2025-12-22 00:22:00,21.8,34.0,0,4095,9.4,82.32,3992
2025-12-22 00:23:00,21.8,34.0,0,4095,9.4,82.2,3973
2025-12-22 00:24:00,21.8,34.0,0,4095,9.4,82.1,4016
2025-12-22 00:25:00,21.8,34.0,0,4095,9.4,82.07,3985
2025-12-22 00:26:00,21.8,34.0,0,4095,9.4,81.93,3979
2025-12-22 00:27:00,21.8,34.0,0,4095,9.4,81.9,3996
2025-12-22 00:28:00,21.8,34.0,0,4095,9.48,82.13,3996
2025-12-22 00:29:00,21.8,34.0,0,4095,9.48,81.97,3991
2025-12-22 00:30:00,21.8,34.0,0,4095,9.4,81.92,4002
2025-12-22 00:31:00,21.8,34.0,0,4095,9.35,82.12,4008
2025-12-22 00:32:00,21.8,34.0,0,4095,9.3,82.42,3984
2025-12-22 00:33:00,21.8,34.0,0,4095,9.3,82.63,4006
2025-12-22 00:34:00,21.8,34.0,0,4095,9.3,82.7,4004
2025-12-22 00:35:00,21.8,34.0,0,4095,9.32,82.67,4015
2025-12-22 00:36:00,21.8,34.0,0,4095,9.37,82.65,3986
2025-12-22 00:37:00,21.8,34.0,0,4095,9.4,82.6,4002
2025-12-22 00:38:00,21.8,34.0,0,4095,9.4,82.38,4018
2025-12-22 00:39:00,21.8,34.0,0,4095,9.33,82.27,4001
2025-12-22 00:40:00,21.8,34.0,0,4095,9.27,82.38,3997
2025-12-22 00:41:00,21.8,34.0,0,4095,9.23,82.73,3999
2025-12-22 00:42:00,21.8,34.0,0,4095,9.23,82.8,4012
2025-12-22 00:43:00,21.8,34.0,0,4095,9.2,82.82,3995
2025-12-22 00:44:00,21.8,34.0,0,4095,9.2,82.45,4002
2025-12-22 00:45:00,21.8,34.0,0,4095,9.2,82.0,3997
2025-12-22 00:46:00,21.8,34.0,0,4095,9.3,81.8,3990
2025-12-22 00:47:00,21.8,34.0,0,4095,9.3,81.7,3994
2025-12-22 00:48:00,21.8,34.0,0,4095,9.3,81.7,3995
2025-12-22 00:49:00,21.8,34.0,0,4095,9.4,81.7,3988
2025-12-22 00:50:00,21.8,34.0,0,4095,9.4,81.6,3993
2025-12-22 00:51:00,21.8,34.0,0,4095,9.4,81.63,4002
2025-12-22 00:52:00,21.8,34.0,0,4095,9.4,81.82,4012
2025-12-22 00:53:00,21.8,34.0,0,4095,9.48,81.83,3985
2025-12-22 00:54:00,21.8,34.0,0,4095,9.48,81.87,3994
2025-12-22 00:55:00,21.8,34.0,0,4095,9.43,81.97,3995
2025-12-22 00:56:00,21.8,34.0,0,4095,9.5,82.1,3980
2025-12-22 00:57:00,21.8,34.0,0,4095,9.5,82.23,3990
2025-12-22 00:58:00,21.8,34.0,0,4095,9.5,82.52,3985
2025-12-22 00:59:00,21.8,34.0,0,4095,9.43,82.67,3998
2025-12-22 01:00:00,21.8,34.0,0,4095,9.42,83.03,4002
2025-12-22 01:01:00,21.8,34.0,0,4095,9.48,83.05,4000
2025-12-22 01:02:00,21.8,34.0,0,4095,9.4,82.7,3986
2025-12-22 01:03:00,21.8,34.0,0,4095,9.32,82.53,3994
2025-12-22 01:04:00,21.8,34.0,0,4095,9.38,82.85,3999
2025-12-22 01:05:00,21.8,34.0,0,4095,9.27,83.52,3993
2025-12-22 01:06:00,21.8,34.0,0,4095,9.12,84.57,3973
2025-12-22 01:07:00,21.8,34.0,0,4095,9.08,85.38,4006
2025-12-22 01:08:00,21.8,34.0,0,4095,9.08,85.62,3991
2025-12-22 01:09:00,21.8,34.0,0,4095,9.03,85.07,4001
2025-12-22 01:10:00,21.8,34.0,0,4095,9.0,84.58,4002
2025-12-22 01:11:00,21.8,34.0,0,4095,9.0,84.3,4012
2025-12-22 01:12:00,21.8,34.0,0,4095,8.97,84.1,3996
2025-12-22 01:13:00,21.8,34.0,0,4095,8.98,84.25,4010
2025-12-22 01:14:00,21.8,34.0,0,4095,9.0,84.15,3992
2025-12-22 01:15:00,21.8,34.0,0,4095,9.0,83.58,3992
2025-12-22 01:16:00,21.8,34.0,0,4095,9.02,83.05,4016
2025-12-22 01:17:00,21.8,34.0,0,4095,9.05,82.73,3977
2025-12-22 01:18:00,21.8,34.0,0,4095,9.1,82.53,3999
2025-12-22 01:19:00,21.8,34.0,0,4095,9.12,82.57,4003
2025-12-22 01:20:00,21.8,34.0,0,4095,9.2,83.15,3984
2025-12-22 01:21:00,21.8,34.0,0,4095,9.3,83.55,3982
2025-12-22 01:22:00,21.8,34.0,0,4095,9.3,84.0,4000
2025-12-22 01:23:00,21.8,34.0,0,4095,9.3,84.32,3984
2025-12-22 01:24:00,21.8,34.0,0,4095,9.25,84.6,4005
2025-12-22 01:25:00,21.8,34.0,0,4095,9.13,84.57,3995
2025-12-22 01:26:00,21.8,34.0,0,4095,9.03,84.93,4025
2025-12-22 01:27:00,21.8,34.0,0,4095,8.97,85.28,3994
2025-12-22 01:28:00,21.8,34.0,0,4095,8.88,85.28,3991
2025-12-22 01:29:00,21.8,34.0,0,4095,8.88,85.33,3982
2025-12-22 01:30:00,21.8,34.0,0,4095,8.88,85.38,3984
2025-12-22 01:31:00,21.8,34.0,0,4095,8.9,85.58,3972
2025-12-22 01:32:00,21.8,34.0,0,4095,8.84,85.8,3988
2025-12-22 01:33:00,21.8,34.0,0,4095,8.82,86.02,3992
2025-12-22 01:34:00,21.8,34.0,0,4095,8.87,86.42,3974
2025-12-22 01:35:00,21.8,34.0,0,4095,8.93,86.4,3987
2025-12-22 01:36:00,21.8,34.0,0,4095,8.9,86.23,4007
2025-12-22 01:37:00,21.8,34.0,0,4095,8.93,86.27,3979
2025-12-22 01:38:00,21.8,34.0,0,4095,8.95,86.43,3983
2025-12-22 01:39:00,21.8,34.0,0,4095,9.0,86.57,3963
2025-12-22 01:40:00,21.8,34.0,0,4095,9.02,86.42,3986
2025-12-22 01:41:00,21.8,34.0,0,4095,9.08,86.43,3996
2025-12-22 01:42:00,21.8,34.0,0,4095,9.13,86.53,4007
2025-12-22 01:43:00,21.8,34.0,0,4095,9.2,86.45,3984
2025-12-22 01:44:00,21.8,34.0,0,4095,9.2,86.38,4004
2025-12-22 01:45:00,21.8,34.0,0,4095,9.28,86.17,3984
2025-12-22 01:46:00,21.8,34.0,0,4095,9.3,85.98,3990
2025-12-22 01:47:00,21.8,34.17,0,4095,9.28,85.83,4010
2025-12-22 01:48:00,21.8,34.0,0,4095,9.3,85.6,3998
2025-12-22 01:49:00,21.8,34.0,0,4095,9.3,85.48,3964
2025-12-22 01:50:00,21.8,34.0,0,4095,9.3,85.33,3983
2025-12-22 01:51:00,21.8,34.33,0,4095,9.3,85.28,3979
2025-12-22 01:52:00,21.8,34.0,0,4095,9.3,85.23,3992
2025-12-22 01:53:00,21.8,34.17,0,4095,9.3,85.4,4000
2025-12-22 01:54:00,21.8,34.0,0,4095,9.3,85.57,3988
2025-12-22 01:55:00,21.8,34.33,0,4095,9.3,85.72,4003
2025-12-22 01:56:00,21.8,34.0,0,4095,9.35,85.95,4006
2025-12-22 01:57:00,21.8,34.5,0,4095,9.4,86.07,3980
2025-12-22 01:58:00,21.8,34.5,0,4095,9.35,85.97,4002
2025-12-22 01:59:00,21.8,34.33,0,4095,9.32,86.07,3978
2025-12-22 02:00:00,21.8,34.83,0,4095,9.33,86.28,3966
2025-12-22 02:01:00,21.8,34.83,0,4095,9.33,86.47,3986
2025-12-22 02:02:00,21.8,34.0,0,4095,9.4,86.62,4015
2025-12-22 02:03:00,21.8,34.67,0,4095,9.4,86.45,3988
2025-12-22 02:04:00,21.8,34.0,0,4095,9.4,86.33,3977
2025-12-22 02:05:00,21.8,34.67,0,4095,9.35,86.12,3995
2025-12-22 02:06:00,21.8,34.5,0,4095,9.3,86.12,3996
2025-12-22 02:07:00,21.8,35.0,0,4095,9.3,86.25,3997
2025-12-22 02:08:00,21.8,35.0,0,4095,9.27,86.45,4000
2025-12-22 02:09:00,21.8,35.0,0,4095,9.3,86.73,4000
2025-12-22 02:10:00,21.8,35.0,0,4095,9.27,86.82,3984
2025-12-22 02:11:00,21.8,35.0,0,4095,9.22,86.93,4018
2025-12-22 02:12:00,21.8,35.0,0,4095,9.2,87.23,3997
2025-12-22 02:13:00,21.8,35.0,0,4095,9.25,87.38,4000
2025-12-22 02:14:00,21.8,35.0,0,4095,9.3,87.1,3992
2025-12-22 02:15:00,21.8,35.0,0,4095,9.3,87.03,3982
2025-12-22 02:16:00,21.8,35.0,0,4095,9.35,87.0,3982
2025-12-22 02:17:00,21.8,35.0,0,4095,9.4,87.05,3998
2025-12-22 02:18:00,21.8,35.0,0,4095,9.35,86.88,3991
2025-12-22 02:19:00,21.8,35.0,0,4095,9.23,86.83,4007
2025-12-22 02:20:00,21.8,35.0,0,4095,9.2,87.37,3981
2025-12-22 02:21:00,21.8,35.0,0,4095,9.23,87.57,3982
2025-12-22 02:22:00,21.8,35.0,0,4095,9.28,87.4,3988
2025-12-22 02:23:00,21.8,35.0,0,4095,9.27,87.12,3994
2025-12-22 02:24:00,21.8,35.0,0,4095,9.3,86.92,3990
2025-12-22 02:25:00,21.8,35.0,0,4095,9.32,86.42,3997
2025-12-22 02:26:00,21.8,35.0,0,4095,9.4,85.84,3991
2025-12-22 02:27:00,21.8,35.0,0,4095,9.38,85.18,4013
2025-12-22 02:28:00,21.8,35.0,0,4095,9.33,84.85,3992
2025-12-22 02:29:00,21.8,35.0,0,4095,9.33,84.83,4008
2025-12-22 02:30:00,21.8,35.0,0,4095,9.4,84.85,4017
2025-12-22 02:31:00,21.8,35.0,0,4095,9.33,84.65,4004
2025-12-22 02:32:00,21.8,35.0,0,4095,9.33,84.53,3986
2025-12-22 02:33:00,21.8,35.0,0,4095,9.3,84.42,3999
2025-12-22 02:34:00,21.8,35.0,0,4095,9.3,84.63,4013
2025-12-22 02:35:00,21.8,35.0,0,4095,9.25,84.58,3985
2025-12-22 02:36:00,21.8,35.0,0,4095,9.13,84.82,4007
2025-12-22 02:37:00,21.8,35.0,0,4095,9.08,85.13,3994
2025-12-22 02:38:00,21.8,35.0,0,4095,9.08,85.47,4033
2025-12-22 02:39:00,21.8,35.0,0,4095,9.1,85.65,3994
2025-12-22 02:40:00,21.8,35.0,0,4095,9.12,85.57,3984
2025-12-22 02:41:00,21.8,35.0,0,4095,9.1,85.43,3991
2025-12-22 02:42:00,21.8,35.0,0,4095,9.1,85.65,4001
2025-12-22 02:43:00,21.8,35.0,0,4095,9.1,85.83,3986
2025-12-22 02:44:00,21.8,35.0,0,4095,9.17,86.07,3984
2025-12-22 02:45:00,21.8,35.0,0,4095,9.17,85.97,4000
2025-12-22 02:46:00,21.8,35.0,0,4095,9.2,86.15,3999
2025-12-22 02:47:00,21.8,35.0,0,4095,9.2,86.15,3986
2025-12-22 02:48:00,21.8,35.0,0,4095,9.18,85.98,4004
2025-12-22 02:49:00,21.8,35.0,0,4095,9.15,86.27,4000
2025-12-22 02:50:00,21.8,35.0,0,4095,9.2,86.52,3979
2025-12-22 02:51:00,21.8,35.0,0,4095,9.17,86.28,4000
2025-12-22 02:52:00,21.8,35.0,0,4095,9.13,86.43,3984
2025-12-22 02:53:00,21.8,35.0,0,4095,9.2,86.68,3995
2025-12-22 02:54:00,21.8,35.0,0,4095,9.2,86.4,3992
2025-12-22 02:55:00,21.8,35.0,0,4095,9.15,86.22,4002
2025-12-22 02:56:00,21.8,35.0,0,4095,9.1,86.38,3992
2025-12-22 02:57:00,21.8,35.0,0,4095,9.1,86.62,4010
2025-12-22 02:58:00,21.8,35.0,0,4095,9.05,86.97,3966
2025-12-22 02:59:00,21.8,35.0,0,4095,9.05,87.38,3982
2025-12-22 03:00:00,21.8,35.0,0,4095,9.1,87.62,3972
2025-12-22 03:01:00,21.8,35.0,0,4095,9.08,87.75,3991
2025-12-22 03:02:00,21.8,35.0,0,4095,9.1,87.95,3986
2025-12-22 03:03:00,21.8,35.0,0,4095,9.1,87.97,3995
2025-12-22 03:04:00,21.8,35.0,0,4095,9.13,87.97,3987
2025-12-22 03:05:00,21.8,35.0,0,4095,9.13,87.87,3978
2025-12-22 03:06:00,21.8,35.0,0,4095,9.12,87.88,3973
2025-12-22 03:07:00,21.8,35.0,0,4095,9.1,87.88,3986
2025-12-22 03:08:00,21.8,35.0,0,4095,9.1,88.05,3996
2025-12-22 03:09:00,21.8,35.0,0,4095,9.1,88.35,4000
2025-12-22 03:10:00,21.8,35.0,0,4095,9.15,88.42,3995
2025-12-22 03:11:00,21.8,35.0,0,4095,9.2,88.52,4000
2025-12-22 03:12:00,21.8,35.0,0,4095,9.2,88.53,3978
2025-12-22 03:13:00,21.8,35.0,0,4095,9.2,88.52,3994
2025-12-22 03:14:00,21.8,35.0,0,4095,9.2,88.65,3994
2025-12-22 03:15:00,21.8,35.0,0,4095,9.1,88.67,3987
2025-12-22 03:16:00,21.8,35.0,0,4095,9.1,88.82,4000
2025-12-22 03:17:00,21.8,35.0,0,4095,9.12,88.97,3981
2025-12-22 03:18:00,21.8,35.0,0,4095,9.2,89.18,3991
2025-12-22 03:19:00,21.8,35.0,0,4095,9.2,89.1,4003
2025-12-22 03:20:00,21.8,35.0,0,4095,9.2,88.83,3999
2025-12-22 03:21:00,21.8,35.0,0,4095,9.2,88.58,4007
2025-12-22 03:22:00,21.8,35.0,0,4095,9.2,88.8,3997
2025-12-22 03:23:00,21.8,35.0,0,4095,9.2,88.98,3992
2025-12-22 03:24:00,21.8,35.0,0,4095,9.17,89.15,3987
2025-12-22 03:25:00,21.8,35.0,0,4095,9.18,89.28,4005
2025-12-22 03:26:00,21.8,35.0,0,4095,9.18,89.33,3993
2025-12-22 03:27:00,21.8,35.0,0,4095,9.12,89.23,3976
2025-12-22 03:28:00,21.8,35.0,0,4095,9.2,89.42,4018
2025-12-22 03:29:00,21.8,35.0,0,4095,9.2,89.5,4008
2025-12-22 03:30:00,21.8,35.0,0,4095,9.17,89.57,3987
2025-12-22 03:31:00,21.8,35.0,0,4095,9.2,89.83,3992
2025-12-22 03:32:00,21.8,35.0,0,4095,9.17,89.58,3990
2025-12-22 03:33:00,21.8,35.0,0,4095,9.12,89.65,4012
2025-12-22 03:34:00,21.8,35.0,0,4095,9.15,89.92,3996
2025-12-22 03:35:00,21.8,35.0,0,4095,9.1,89.92,3983
2025-12-22 03:36:00,21.8,35.0,0,4095,9.08,90.13,3996
2025-12-22 03:37:00,21.8,35.0,0,4095,9.1,90.33,3985
2025-12-22 03:38:00,21.8,35.0,0,4095,9.1,90.53,3994
2025-12-22 03:39:00,21.8,35.0,0,4095,9.1,90.42,3992
2025-12-22 03:40:00,21.8,35.0,0,4095,9.1,90.33,3977
2025-12-22 03:41:00,21.8,35.0,0,4095,9.13,90.48,3993
2025-12-22 03:42:00,21.8,35.0,0,4095,9.2,90.57,3987
2025-12-22 03:43:00,21.8,35.0,0,4095,9.2,90.47,3956
2025-12-22 03:44:00,21.8,35.0,0,4095,9.2,90.25,3995
2025-12-22 03:45:00,21.8,35.0,0,4095,9.2,90.33,4028
2025-12-22 03:46:00,21.8,35.0,0,4095,9.2,90.3,3998
2025-12-22 03:47:00,21.8,35.0,0,4095,9.2,90.4,3990
2025-12-22 03:48:00,21.8,35.0,0,4095,9.2,90.5,3991
2025-12-22 03:49:00,21.8,35.0,0,4095,9.2,90.38,3998
2025-12-22 03:50:00,21.8,35.0,0,4095,9.2,90.42,3978
2025-12-22 03:51:00,21.8,35.0,0,4095,9.2,90.38,4000
2025-12-22 03:52:00,21.8,35.0,0,4095,9.2,90.55,3998
2025-12-22 03:53:00,21.8,35.0,0,4095,9.25,90.67,3987
2025-12-22 03:54:00,21.8,35.0,0,4095,9.3,90.75,3989
2025-12-22 03:55:00,21.8,35.0,0,4095,9.2,90.55,3990
2025-12-22 03:56:00,21.8,35.0,0,4095,9.27,90.58,3961
2025-12-22 03:57:00,21.8,35.0,0,4095,9.2,90.42,3999
2025-12-22 03:58:00,21.8,35.0,0,4095,9.18,90.37,3997
2025-12-22 03:59:00,21.8,35.0,0,4095,9.1,90.12,3988
2025-12-22 04:00:00,21.8,35.0,0,4095,9.1,90.13,4000
2025-12-22 04:01:00,21.8,35.0,0,4095,9.05,90.03,4004
2025-12-22 04:02:00,21.8,35.0,0,4095,9.0,90.07,3992
2025-12-22 04:03:00,21.8,35.0,0,4095,9.0,90.1,4009
2025-12-22 04:04:00,21.8,35.0,0,4095,9.0,90.3,3981
2025-12-22 04:05:00,21.8,35.0,0,4095,8.92,90.17,4004
2025-12-22 04:06:00,21.8,35.0,0,4095,8.9,90.33,4003
2025-12-22 04:07:00,21.8,35.0,0,4095,8.9,90.28,3996
2025-12-22 04:08:00,21.8,35.0,0,4095,8.9,90.33,3984
2025-12-22 04:09:00,21.8,35.0,0,4095,8.87,90.33,3975
2025-12-22 04:10:00,21.8,35.0,0,4095,8.87,90.45,3989
2025-12-22 04:11:00,21.8,35.0,0,4095,8.88,90.63,3990
2025-12-22 04:12:00,21.8,35.0,0,4095,8.92,90.55,3982
2025-12-22 04:13:00,21.8,35.0,0,4095,8.97,90.6,3980
2025-12-22 04:14:00,21.8,35.0,0,4095,9.0,90.52,3952
2025-12-22 04:15:00,21.8,35.0,0,4095,8.98,90.17,3984
2025-12-22 04:16:00,21.8,35.0,0,4095,8.93,90.33,3989
2025-12-22 04:17:00,21.8,35.0,0,4095,9.0,90.42,3981
2025-12-22 04:18:00,21.8,35.0,0,4095,9.0,90.32,3968
2025-12-22 04:19:00,21.8,35.0,0,4095,9.0,90.5,4005
2025-12-22 04:20:00,21.8,35.0,0,4095,9.0,90.43,4012
2025-12-22 04:21:00,21.8,35.0,0,4095,9.0,90.32,4000
2025-12-22 04:22:00,21.8,35.0,0,4095,9.05,90.2,3994
2025-12-22 04:23:00,21.8,35.0,0,4095,9.0,90.12,3982
2025-12-22 04:24:00,21.8,35.0,0,4095,9.0,90.22,3970
2025-12-22 04:25:00,21.8,35.0,0,4095,9.0,90.2,3970
2025-12-22 04:26:00,21.8,35.0,0,4095,8.97,90.17,4006
2025-12-22 04:27:00,21.8,35.0,0,4095,9.0,90.4,3992
2025-12-22 04:28:00,21.8,35.0,0,4095,9.0,90.77,4008
2025-12-22 04:29:00,21.8,35.0,0,4095,9.05,90.85,3986
2025-12-22 04:30:00,21.8,35.0,0,4095,9.1,90.93,3997
2025-12-22 04:31:00,21.8,35.0,0,4095,9.1,90.97,3986
2025-12-22 04:32:00,21.8,35.0,0,4095,9.07,90.92,3969
2025-12-22 04:33:00,21.8,35.0,0,4095,9.08,91.08,3963
2025-12-22 04:34:00,21.8,35.0,0,4095,9.02,91.12,3982
2025-12-22 04:35:00,21.8,35.0,0,4095,9.0,91.22,3984
2025-12-22 04:36:00,21.8,35.0,0,4095,9.0,91.2,3986
2025-12-22 04:37:00,21.8,35.0,0,4095,9.05,91.47,3986
2025-12-22 04:38:00,21.8,35.0,0,4095,9.05,91.37,4009
2025-12-22 04:39:00,21.8,35.0,0,4095,9.1,91.35,4004
2025-12-22 04:40:00,21.8,35.0,0,4095,9.1,91.45,3974
2025-12-22 04:41:00,21.8,35.0,0,4095,9.1,91.43,3978
2025-12-22 04:42:00,21.8,35.0,0,4095,9.1,91.48,3989
2025-12-22 04:43:00,21.8,35.0,0,4095,9.2,91.5,3993
2025-12-22 04:44:00,21.8,35.0,0,4095,9.1,91.22,3979
2025-12-22 04:45:00,21.8,35.0,0,4095,9.12,91.4,3981
2025-12-22 04:46:00,21.8,35.0,0,4095,9.1,91.23,3989
2025-12-22 04:47:00,21.8,35.0,0,4095,9.0,91.02,3993
2025-12-22 04:48:00,21.8,35.0,0,4095,9.0,91.27,3993
2025-12-22 04:49:00,21.8,35.0,0,4095,9.0,91.5,4003
2025-12-22 04:50:00,21.8,35.0,0,4095,9.1,91.77,3992
2025-12-22 04:51:00,21.8,35.0,0,4095,9.1,91.68,3999
2025-12-22 04:52:00,21.8,35.0,0,4095,9.07,91.47,3984
2025-12-22 04:53:00,21.8,35.0,0,4095,9.03,91.43,3991
2025-12-22 04:54:00,21.8,35.0,0,4095,9.08,91.68,3997
2025-12-22 04:55:00,21.8,35.0,0,4095,9.1,91.72,4009
2025-12-22 04:56:00,21.8,35.0,0,4095,9.1,91.63,3993
2025-12-22 04:57:00,21.8,35.0,0,4095,9.1,91.68,3981
2025-12-22 04:58:00,21.8,35.0,0,4095,9.12,91.72,3997
2025-12-22 04:59:00,21.8,35.0,0,4095,9.1,91.58,3963
2025-12-22 05:00:00,21.8,35.0,0,4095,9.1,91.53,4001
2025-12-22 05:01:00,21.8,35.0,0,4095,9.12,91.6,3998
2025-12-22 05:02:00,21.8,35.0,0,4095,9.1,91.48,3996
2025-12-22 05:03:00,21.8,35.0,0,4095,9.1,91.48,3994
2025-12-22 05:04:00,21.8,35.0,0,4095,9.1,91.42,3979
2025-12-22 05:05:00,21.8,35.0,0,4095,9.1,91.35,3982
2025-12-22 05:06:00,21.8,35.0,0,4095,9.12,91.72,3974
2025-12-22 05:07:00,21.8,35.0,0,4095,9.2,91.9,3990
2025-12-22 05:08:00,21.8,35.0,0,4095,9.2,91.87,3997
2025-12-22 05:09:00,21.8,35.0,0,4095,9.22,91.8,3982
2025-12-22 05:10:00,21.8,35.0,0,4095,9.1,91.47,3982
2025-12-22 05:11:00,21.8,35.0,0,4095,9.08,91.43,3984
2025-12-22 05:12:00,21.8,35.0,0,4095,9.02,91.5,3988
2025-12-22 05:13:00,21.8,35.0,0,4095,9.03,91.95,3986
2025-12-22 05:14:00,21.8,35.0,0,4095,9.1,92.37,3982
2025-12-22 05:15:00,21.8,35.0,0,4095,9.17,92.45,3978
2025-12-22 05:16:00,21.8,35.0,0,4095,9.2,92.38,3972
2025-12-22 05:17:00,21.8,35.0,0,4095,9.17,92.25,3988
2025-12-22 05:18:00,21.8,35.0,0,4095,9.1,92.0,3975
2025-12-22 05:19:00,21.8,35.0,0,4095,9.18,92.42,3992
2025-12-22 05:20:00,21.8,35.0,0,4095,9.17,92.37,3978
2025-12-22 05:21:00,21.8,35.0,0,4095,9.1,92.13,3981
2025-12-22 05:22:00,21.8,35.0,0,4095,9.08,92.05,3968
2025-12-22 05:23:00,21.8,35.0,0,4095,9.0,92.12,3983
2025-12-22 05:24:00,21.8,35.0,0,4095,9.0,92.23,3988
2025-12-22 05:25:00,21.8,35.0,0,4095,9.0,92.38,3984
2025-12-22 05:26:00,21.8,35.0,0,4095,9.0,92.42,3979
2025-12-22 05:27:00,21.8,35.0,0,4095,8.97,92.43,3973
2025-12-22 05:28:00,21.8,35.0,0,4095,8.9,92.17,3966
2025-12-22 05:29:00,21.8,35.0,0,4095,8.85,92.23,3989
2025-12-22 05:30:00,21.8,35.0,0,4095,8.88,92.4,3965
2025-12-22 05:31:00,21.8,35.0,0,4095,8.9,92.4,3989
2025-12-22 05:32:00,21.8,35.0,0,4095,8.85,92.23,3989
2025-12-22 05:33:00,21.8,35.0,0,4095,8.87,92.35,3979
2025-12-22 05:34:00,21.8,35.0,0,4095,8.88,92.38,3994
2025-12-22 05:35:00,21.8,35.0,0,4095,8.95,92.95,3987
2025-12-22 05:36:00,21.8,35.0,0,4095,9.02,93.12,4001
2025-12-22 05:37:00,21.8,35.0,0,4095,8.97,92.7,3982
2025-12-22 05:38:00,21.8,35.0,0,4095,8.9,92.47,3974
2025-12-22 05:39:00,21.8,35.0,0,4095,8.9,92.53,3976
2025-12-22 05:40:00,21.8,35.0,0,4095,8.9,92.4,3996
2025-12-22 05:41:00,21.8,35.0,0,4095,8.9,92.5,3971
2025-12-22 05:42:00,21.8,35.0,0,4095,8.9,92.45,3979
2025-12-22 05:43:00,21.8,35.0,0,4095,8.9,92.32,3990
2025-12-22 05:44:00,21.8,35.0,0,4095,8.98,92.53,3946
2025-12-22 05:45:00,21.8,35.0,0,4095,8.92,92.42,3986
2025-12-22 05:46:00,21.8,35.0,0,4095,8.93,92.37,3992
2025-12-22 05:47:00,21.8,35.0,0,4095,8.95,92.33,3993
2025-12-22 05:48:00,21.8,35.0,0,4095,9.0,92.25,3979
2025-12-22 05:49:00,21.8,35.0,0,4095,9.0,91.95,3986
2025-12-22 05:50:00,21.8,35.0,0,4095,8.98,91.95,3990
2025-12-22 05:51:00,21.8,35.0,0,4095,9.0,92.08,3991
2025-12-22 05:52:00,21.8,35.0,0,4095,9.0,91.83,3990
2025-12-22 05:53:00,21.8,35.0,0,4095,9.07,92.08,3986
2025-12-22 05:54:00,21.8,35.0,0,4095,9.0,91.75,3974
2025-12-22 05:55:00,21.8,35.0,0,4095,8.93,91.5,3977
2025-12-22 05:56:00,21.8,35.0,0,4095,8.93,91.53,3990
2025-12-22 05:57:00,21.8,35.0,0,4095,8.83,91.4,3990
2025-12-22 05:58:00,21.8,35.0,0,4095,8.8,91.53,3960
2025-12-22 05:59:00,21.8,35.0,0,4095,8.8,91.73,3991
2025-12-22 06:00:00,21.8,35.0,0,4095,8.78,91.8,3979
2025-12-22 06:01:00,21.8,35.0,0,4095,8.72,91.45,3967
2025-12-22 06:02:00,21.8,35.0,0,4095,8.68,90.88,3987
2025-12-22 06:03:00,21.8,35.0,0,4095,8.63,90.53,3996
2025-12-22 06:04:00,21.8,35.0,0,4095,8.6,90.15,3983
2025-12-22 06:05:00,21.8,35.0,0,4095,8.52,90.08,3999
2025-12-22 06:06:00,21.8,35.0,0,4095,8.5,89.98,3981
2025-12-22 06:07:00,21.8,35.0,0,4095,8.5,89.75,3988
2025-12-22 06:08:00,21.8,35.0,0,4095,8.5,89.52,3963
2025-12-22 06:09:00,21.8,35.0,0,4095,8.43,89.4,3980
2025-12-22 06:10:00,21.8,35.0,0,4095,8.48,89.43,3994
2025-12-22 06:11:00,21.8,35.0,0,4095,8.42,89.4,3997
2025-12-22 06:12:00,21.8,35.0,0,4095,8.4,89.48,3986
2025-12-22 06:13:00,21.8,35.0,0,4095,8.4,89.5,3970
2025-12-22 06:14:00,21.8,35.0,0,4095,8.4,89.58,4000
2025-12-22 06:15:00,21.8,35.0,0,4095,8.4,89.7,3984
2025-12-22 06:16:00,21.8,35.0,0,4095,8.5,89.72,3996
2025-12-22 06:17:00,21.8,35.0,0,4095,8.5,89.7,3994
2025-12-22 06:18:00,21.8,35.0,0,4095,8.5,89.7,3963
2025-12-22 06:19:00,21.8,35.0,0,4095,8.57,89.72,3980
2025-12-22 06:20:00,21.8,35.0,0,4095,8.55,89.6,3977
2025-12-22 06:21:00,21.8,35.0,0,4095,8.5,89.68,3982
2025-12-22 06:22:00,21.8,35.0,0,4095,8.45,89.58,3998
2025-12-22 06:23:00,21.8,35.0,0,4095,8.4,89.53,3976
2025-12-22 06:24:00,21.8,35.0,0,4095,8.4,89.55,3992
2025-12-22 06:25:00,21.8,35.0,0,4095,8.4,89.45,3990
2025-12-22 06:26:00,21.8,35.0,0,4095,8.4,89.42,3961
2025-12-22 06:27:00,21.8,35.0,0,4095,8.4,89.48,3989
2025-12-22 06:28:00,21.8,35.0,0,4095,8.35,89.67,3982
2025-12-22 06:29:00,21.8,35.0,0,4095,8.37,89.7,3989
2025-12-22 06:30:00,21.8,35.0,0,4095,8.33,89.8,3987
2025-12-22 06:31:00,21.8,35.0,0,4095,8.32,89.88,3988
2025-12-22 06:32:00,21.8,35.0,0,4095,8.3,89.93,3972
2025-12-22 06:33:00,21.8,35.0,0,4095,8.3,89.98,3979
2025-12-22 06:34:00,21.8,35.0,0,4095,8.4,90.07,4000
2025-12-22 06:35:00,21.8,35.0,0,4095,8.38,90.08,3981
2025-12-22 06:36:00,21.8,35.0,0,4095,8.35,90.08,3990
2025-12-22 06:37:00,21.8,35.0,0,4095,8.33,90.37,3971
2025-12-22 06:38:00,21.8,35.0,0,4095,8.33,90.53,3964
2025-12-22 06:39:00,21.8,35.0,0,4095,8.33,90.67,3981
2025-12-22 06:40:00,21.8,35.0,0,4095,8.4,90.88,3995
2025-12-22 06:41:00,21.8,35.0,0,4095,8.4,90.93,3957
2025-12-22 06:42:00,21.8,35.0,0,4095,8.4,91.07,3989
2025-12-22 06:43:00,21.8,35.0,0,4095,8.43,91.07,3977
2025-12-22 06:44:00,21.8,35.0,0,4095,8.47,91.03,3993
2025-12-22 06:45:00,21.8,35.0,0,4095,8.4,90.88,3990
2025-12-22 06:46:00,21.8,35.0,0,4095,8.48,90.92,3986
2025-12-22 06:47:00,21.8,35.0,0,4095,8.43,90.87,3965
2025-12-22 06:48:00,21.8,35.0,0,4095,8.4,90.72,3958
2025-12-22 06:49:00,21.8,35.0,0,4095,8.4,90.87,3978
2025-12-22 06:50:00,21.8,35.0,0,4095,8.4,91.02,3971
2025-12-22 06:51:00,21.8,35.0,0,4095,8.4,90.7,4000
2025-12-22 06:52:00,21.8,35.0,0,4095,8.48,90.42,3993
2025-12-22 06:53:00,21.8,35.0,0,4095,8.5,90.22,3997
2025-12-22 06:54:00,21.8,35.0,0,4095,8.5,89.82,3993
2025-12-22 06:55:00,21.8,35.0,0,4095,8.5,89.77,3991
2025-12-22 06:56:00,21.8,35.0,0,4095,8.5,89.67,4010
2025-12-22 06:57:00,21.8,35.0,0,4095,8.5,89.6,3992
2025-12-22 06:58:00,21.8,35.0,0,4095,8.5,89.5,3962
2025-12-22 06:59:00,21.8,35.0,0,4095,8.5,89.52,3994
2025-12-22 07:00:00,21.8,35.0,0,4095,8.5,89.58,3958
2025-12-22 07:01:00,21.8,35.0,0,4095,8.5,89.48,3965
2025-12-22 07:02:00,21.8,35.0,0,4095,8.5,89.35,4007
2025-12-22 07:03:00,21.8,35.0,0,4095,8.44,89.6,3998
2025-12-22 07:04:00,21.8,35.0,0,4095,8.5,89.82,3981
2025-12-22 07:05:00,21.8,35.0,0,4095,8.48,89.97,3990
2025-12-22 07:06:00,21.8,35.0,0,4095,8.5,90.12,3973
2025-12-22 07:07:00,21.8,35.0,0,4095,8.5,90.2,4004
2025-12-22 07:08:00,21.8,35.0,0,4095,8.5,90.37,3983
2025-12-22 07:09:00,21.8,35.0,0,4095,8.47,90.55,4015
2025-12-22 07:10:00,21.8,35.0,0,4095,8.5,90.63,3977
2025-12-22 07:11:00,21.8,35.0,0,4095,8.47,90.68,4001
2025-12-22 07:12:00,21.8,35.0,0,4095,8.45,90.78,3980
2025-12-22 07:13:00,21.8,35.0,0,4095,8.4,90.85,3980
2025-12-22 07:14:00,21.8,35.0,0,4095,8.4,90.87,3992
2025-12-22 07:15:00,21.8,35.0,0,4095,8.4,90.82,3959
2025-12-22 07:16:00,21.8,35.0,0,4095,8.4,90.9,3983
2025-12-22 07:17:00,21.8,35.0,0,4095,8.4,90.97,3982
2025-12-22 07:18:00,21.8,35.0,0,4095,8.4,91.02,3980
2025-12-22 07:19:00,21.8,35.0,0,4095,8.33,90.82,3976
2025-12-22 07:20:00,21.8,35.0,0,4095,8.37,91.02,3974
2025-12-22 07:21:00,21.8,35.0,0,4095,8.4,91.07,3982
2025-12-22 07:22:00,21.8,35.0,0,4095,8.38,90.68,3975
2025-12-22 07:23:00,21.8,35.0,0,4095,8.4,90.6,3988
2025-12-22 07:24:00,21.8,35.0,0,4095,8.4,90.43,4001
2025-12-22 07:25:00,21.8,35.0,0,4095,8.4,90.35,3972
2025-12-22 07:26:00,21.8,35.0,0,4095,8.4,90.22,4001
2025-12-22 07:27:00,21.8,35.0,0,4095,8.4,90.12,3985
2025-12-22 07:28:00,21.8,35.0,0,4095,8.37,90.22,4003
2025-12-22 07:29:00,21.8,35.0,0,4095,8.3,90.23,3979
2025-12-22 07:30:00,21.8,35.0,0,4095,8.3,90.23,3971
2025-12-22 07:31:00,21.8,35.0,0,4095,8.32,90.15,3960
2025-12-22 07:32:00,21.8,35.0,0,4095,8.3,90.2,3962
2025-12-22 07:33:00,21.8,35.0,0,4095,8.3,90.7,3756
2025-12-22 07:34:00,21.8,35.0,0,4095,8.3,90.83,3702
2025-12-22 07:35:00,21.8,35.0,0,4095,8.3,90.75,3692
2025-12-22 07:36:00,21.8,35.0,0,4095,8.3,90.83,3707
2025-12-22 07:37:00,21.8,35.0,0,4095,8.27,90.85,3699
2025-12-22 07:38:00,21.8,35.0,0,4095,8.27,91.08,3710
2025-12-22 07:39:00,21.8,35.0,0,4095,8.23,91.07,3680
2025-12-22 07:40:00,21.8,35.0,0,4095,8.23,91.12,3644
2025-12-22 07:41:00,21.8,35.0,0,4095,8.3,91.2,3623
2025-12-22 07:42:00,21.8,35.0,0,4095,8.3,91.17,3654
2025-12-22 07:43:00,21.8,35.0,0,4095,8.3,91.27,3653
2025-12-22 07:44:00,21.8,35.0,0,4095,8.3,91.25,3670
2025-12-22 07:45:00,21.8,35.0,0,4095,8.3,91.35,3618
2025-12-22 07:46:00,21.8,35.0,0,4095,8.3,91.52,3606
2025-12-22 07:47:00,21.8,35.0,0,4095,8.3,91.43,3596
2025-12-22 07:48:00,21.8,35.0,0,4095,8.3,91.52,3581
2025-12-22 07:49:00,21.8,35.0,0,4095,8.3,91.58,3562
2025-12-22 07:50:00,21.8,35.0,0,4095,8.33,91.7,3520
2025-12-22 07:51:00,21.8,35.0,0,4095,8.33,91.72,3505
2025-12-22 07:52:00,21.8,35.0,0,4095,8.33,91.67,3461
2025-12-22 07:53:00,21.8,35.0,0,4095,8.4,91.73,3405
2025-12-22 07:54:00,21.8,35.0,0,4095,8.4,91.65,3374
2025-12-22 07:55:00,21.8,35.0,0,4095,8.4,91.62,3328
2025-12-22 07:56:00,21.8,35.0,0,4095,8.4,91.62,3263
2025-12-22 07:57:00,21.8,35.0,0,4095,8.4,91.75,3178
2025-12-22 07:58:00,21.8,35.0,0,4095,8.4,91.7,3090
2025-12-22 07:59:00,21.8,35.0,0,4095,8.44,91.68,3006
2025-12-22 08:00:00,21.8,35.0,0,4095,8.5,91.78,2918
2025-12-22 08:01:00,21.8,35.0,0,4095,8.5,91.68,2802
2025-12-22 08:02:00,21.8,35.0,0,4095,8.5,91.62,2683
2025-12-22 08:03:00,21.8,35.0,0,4095,8.5,91.75,2580
2025-12-22 08:04:00,21.8,35.0,0,4095,8.5,91.83,2468
2025-12-22 08:05:00,21.8,35.0,0,4095,8.5,91.82,2371
2025-12-22 08:06:00,21.8,35.0,0,4095,8.48,91.9,2286
2025-12-22 08:07:00,21.8,35.0,0,4095,8.5,92.03,2211
2025-12-22 08:08:00,21.8,35.0,0,4095,8.5,92.08,2183
2025-12-22 08:09:00,21.8,35.0,0,4095,8.5,91.98,2144
2025-12-22 08:10:00,21.8,35.0,0,4095,8.57,91.7,2106
2025-12-22 08:11:00,21.8,35.0,0,4095,8.55,91.42,2057
2025-12-22 08:12:00,21.8,35.0,0,4095,8.57,91.23,2003
2025-12-22 08:13:00,21.8,35.0,0,4095,8.52,91.18,1956
2025-12-22 08:14:00,21.8,35.0,0,4095,8.5,91.23,1897
2025-12-22 08:15:00,21.8,35.0,0,4095,8.5,91.12,1849
2025-12-22 08:16:00,21.8,35.0,0,4095,8.5,91.13,1794
2025-12-22 08:17:00,21.8,35.0,0,4095,8.5,91.07,1755
2025-12-22 08:18:00,21.8,35.0,0,4095,8.47,91.07,1708
2025-12-22 08:19:00,21.8,35.0,0,4095,8.43,91.08,1659
2025-12-22 08:20:00,21.8,35.0,0,4095,8.42,91.25,1608
2025-12-22 08:21:00,21.8,35.0,0,4095,8.4,91.25,1568
2025-12-22 08:22:00,21.8,35.0,0,4095,8.4,91.47,1522
2025-12-22 08:23:00,21.8,35.0,0,4095,8.4,91.55,1475
2025-12-22 08:24:00,21.8,35.0,0,4095,8.4,91.5,1439
2025-12-22 08:25:00,21.8,35.0,0,4095,8.42,91.25,1408
2025-12-22 08:26:00,21.8,35.0,0,4095,8.4,90.87,1357
2025-12-22 08:27:00,21.8,35.0,0,4095,8.4,90.47,1314
2025-12-22 08:28:00,21.8,35.0,0,4095,8.4,90.17,1262
2025-12-22 08:29:00,21.8,35.0,0,4095,8.4,89.83,1217
2025-12-22 08:30:00,21.8,35.0,0,4095,8.4,89.72,1190
2025-12-22 08:31:00,21.8,35.0,0,4095,8.4,89.77,1148
2025-12-22 08:32:00,21.8,35.0,0,4095,8.4,89.73,1123
2025-12-22 08:33:00,21.8,35.0,0,4095,8.4,89.73,1101
2025-12-22 08:34:00,21.8,35.0,0,4095,8.4,89.8,1102
2025-12-22 08:35:00,21.8,35.0,0,4095,8.4,89.77,1071
2025-12-22 08:36:00,21.8,35.0,0,4095,8.4,89.82,1055
2025-12-22 08:37:00,21.75,35.0,0,4095,8.42,89.93,1025
2025-12-22 08:38:00,21.62,35.0,0,4095,8.43,90.07,1018
2025-12-22 08:39:00,21.72,35.0,0,4095,8.42,90.22,999
2025-12-22 08:40:00,21.8,35.0,0,4095,8.4,90.5,959
2025-12-22 08:41:00,21.8,35.0,0,4095,8.47,90.6,952
2025-12-22 08:42:00,21.8,35.0,0,4095,8.48,90.65,904
2025-12-22 08:43:00,21.8,35.0,0,4095,8.5,90.6,877
2025-12-22 08:44:00,21.8,35.0,0,4095,8.5,90.73,870
2025-12-22 08:45:00,21.8,35.0,0,4094,8.5,90.93,859
2025-12-22 08:46:00,21.78,35.0,0,4094,8.55,90.98,834
2025-12-22 08:47:00,21.75,35.0,0,4078,8.53,90.95,825
2025-12-22 08:48:00,21.8,35.0,0,4057,8.55,91.12,804
2025-12-22 08:49:00,21.68,35.0,0,4040,8.6,91.15,809
2025-12-22 08:50:00,21.75,35.0,0,4012,8.6,91.1,798
2025-12-22 08:51:00,21.65,35.0,0,3985,8.6,90.95,770
2025-12-22 08:52:00,21.67,35.0,0,3962,8.6,90.88,746
2025-12-22 08:53:00,21.8,35.0,0,3937,8.6,90.78,724
2025-12-22 08:54:00,21.8,35.0,0,3918,8.6,90.46,687
2025-12-22 08:55:00,21.8,35.0,0,3854,8.6,90.05,692
2025-12-22 08:56:00,21.8,35.0,0,331,8.6,89.73,673
2025-12-22 08:57:00,21.8,36.0,1,335,8.6,89.5,664
2025-12-22 08:58:00,21.8,36.0,1,334,8.6,89.47,640
2025-12-22 08:59:00,21.8,36.0,1,335,8.63,89.22,648
2025-12-22 09:00:00,21.8,36.0,1,334,8.65,89.17,652
2025-12-22 09:01:00,21.8,36.17,1,336,8.67,89.17,632
2025-12-22 09:02:00,21.95,36.33,1,336,8.7,89.23,626
2025-12-22 09:03:00,22.2,36.33,1,336,8.7,89.13,616
2025-12-22 09:04:00,22.2,36.17,1,337,8.7,89.12,613
2025-12-22 09:05:00,22.2,37.33,1,338,8.68,89.3,596
2025-12-22 09:06:00,22.87,43.17,1,340,8.7,89.57,591
2025-12-22 09:07:00,23.77,53.33,1,336,8.75,89.63,575
2025-12-22 09:08:00,24.5,58.67,1,336,8.8,89.68,580
2025-12-22 09:09:00,24.5,49.33,1,336,8.8,89.62,562
2025-12-22 09:10:00,24.5,43.33,0,338,8.8,89.9,565
2025-12-22 09:11:00,24.18,40.5,0,339,8.82,90.08,552
2025-12-22 09:12:00,24.1,39.0,0,1105,8.88,90.05,548
2025-12-22 09:13:00,24.1,38.5,0,3654,8.9,90.07,538
2025-12-22 09:14:00,24.1,38.0,0,3650,8.97,90.0,534
2025-12-22 09:15:00,24.1,37.83,0,3638,9.0,89.85,526
2025-12-22 09:16:00,24.1,37.0,0,3633,9.0,89.53,543
2025-12-22 09:17:00,24.1,37.0,0,3632,9.0,89.5,540
2025-12-22 09:18:00,24.1,37.0,0,3634,9.0,89.4,516
2025-12-22 09:19:00,24.35,37.0,0,3634,8.98,89.67,506
2025-12-22 09:20:00,24.28,36.17,0,3626,8.97,89.75,515
2025-12-22 09:21:00,24.1,36.0,0,3610,9.0,89.88,493
2025-12-22 09:22:00,24.1,36.0,0,3594,9.0,89.87,488
2025-12-22 09:23:00,24.47,36.0,0,3570,9.1,89.63,480
2025-12-22 09:24:00,24.5,36.0,0,3546,9.02,89.38,464
2025-12-22 09:25:00,24.5,36.0,0,3526,9.03,89.62,463
2025-12-22 09:26:00,24.5,36.0,0,3502,9.1,89.8,447
2025-12-22 09:27:00,24.5,36.0,0,3480,9.13,89.75,445
2025-12-22 09:28:00,24.5,36.0,0,3464,9.15,89.48,436
2025-12-22 09:29:00,24.5,36.0,0,3449,9.1,89.15,403
2025-12-22 09:30:00,24.43,36.0,0,3440,9.15,89.17,395
2025-12-22 09:31:00,24.1,36.0,0,3428,9.2,89.1,405
2025-12-22 09:32:00,24.12,36.0,0,3418,9.12,88.75,397
2025-12-22 09:33:00,24.35,36.0,0,3405,9.1,88.93,394
2025-12-22 09:34:00,24.5,36.0,0,3383,9.1,89.22,371
2025-12-22 09:35:00,24.5,36.0,0,3367,9.1,89.12,376
2025-12-22 09:36:00,24.22,36.0,0,3348,9.17,89.23,364
2025-12-22 09:37:00,24.1,36.0,0,3332,9.22,89.3,350
2025-12-22 09:38:00,24.1,36.0,0,3314,9.22,89.2,334
2025-12-22 09:39:00,24.1,36.0,0,3304,9.25,89.07,333
2025-12-22 09:40:00,24.1,36.0,0,3286,9.25,88.87,336
2025-12-22 09:41:00,24.1,36.0,0,3269,9.27,88.88,317
2025-12-22 09:42:00,24.1,36.0,0,3251,9.3,88.87,302
2025-12-22 09:43:00,24.1,36.0,0,3237,9.3,88.75,292
2025-12-22 09:44:00,24.1,36.0,0,3220,9.4,88.73,278
2025-12-22 09:45:00,24.1,36.0,0,3204,9.45,88.68,285
2025-12-22 09:46:00,24.1,36.0,0,3189,9.5,88.57,274
2025-12-22 09:47:00,24.1,36.0,0,3172,9.5,88.5,266
2025-12-22 09:48:00,24.1,36.0,0,3162,9.5,88.48,268
2025-12-22 09:49:00,24.1,36.0,0,3158,9.5,88.32,261
2025-12-22 09:50:00,24.1,36.0,0,3152,9.48,88.15,254
2025-12-22 09:51:00,24.1,36.0,0,3150,9.4,88.18,261
2025-12-22 09:52:00,24.1,36.0,0,3144,9.38,88.33,264
2025-12-22 09:53:00,24.1,36.0,0,3142,9.4,88.55,266
2025-12-22 09:54:00,24.1,36.0,0,3144,9.45,88.57,271
2025-12-22 09:55:00,24.1,36.0,0,3138,9.4,88.13,290
2025-12-22 09:56:00,24.1,36.0,0,3132,9.4,88.37,284
2025-12-22 09:57:00,24.1,36.0,0,3119,9.4,88.43,299
2025-12-22 09:58:00,24.1,36.0,0,3107,9.47,88.52,297
2025-12-22 09:59:00,24.1,36.0,0,3094,9.45,88.17,292
2025-12-22 10:00:00,24.1,36.0,0,3085,9.5,88.15,281
2025-12-22 10:01:00,24.1,36.0,0,3068,9.5,87.97,277
2025-12-22 10:02:00,24.1,36.0,0,3070,9.55,87.98,277
2025-12-22 10:03:00,24.1,36.0,0,3075,9.6,88.08,276
2025-12-22 10:04:00,24.1,36.0,0,3079,9.68,87.93,272
2025-12-22 10:05:00,24.1,36.0,0,3079,9.68,87.58,269
2025-12-22 10:06:00,24.1,36.0,0,3061,9.65,87.37,264
2025-12-22 10:07:00,24.1,36.0,0,3039,9.65,87.65,261
2025-12-22 10:08:00,24.1,36.0,0,3002,9.6,87.57,256
2025-12-22 10:09:00,24.1,36.0,0,2962,9.6,87.87,252
2025-12-22 10:10:00,24.1,36.0,0,2926,9.67,88.03,228
2025-12-22 10:11:00,24.1,36.0,0,2898,9.7,87.78,225
2025-12-22 10:12:00,24.1,36.0,0,2887,9.75,87.48,216
2025-12-22 10:13:00,24.1,36.0,0,2450,9.8,87.42,214
2025-12-22 10:14:00,24.1,36.0,0,2438,9.77,87.08,205
2025-12-22 10:15:00,24.1,36.0,0,2882,9.8,87.32,206
2025-12-22 10:16:00,24.1,36.0,0,2895,9.87,87.18,191
2025-12-22 10:17:00,24.1,36.0,0,2914,9.92,86.77,200
2025-12-22 10:18:00,24.1,36.0,0,2936,9.98,86.05,212
2025-12-22 10:19:00,24.1,36.0,0,2955,9.9,85.83,220
2025-12-22 10:20:00,24.1,36.0,0,2973,9.98,85.9,230
2025-12-22 10:21:00,24.1,36.0,0,2990,9.97,85.98,245
2025-12-22 10:22:00,24.1,36.0,0,3000,9.92,85.9,233
2025-12-22 10:23:00,24.1,36.0,0,3009,10.02,86.33,239
2025-12-22 10:24:00,24.1,36.0,0,3018,10.12,86.5,239
2025-12-22 10:25:00,24.1,36.0,0,2523,10.18,86.5,259
2025-12-22 10:26:00,24.1,36.0,0,336,10.17,86.4,265
2025-12-22 10:27:00,24.1,36.33,1,337,10.2,86.53,271
2025-12-22 10:28:00,24.1,37.0,1,336,10.2,86.75,261
2025-12-22 10:29:00,24.1,37.0,1,336,10.2,86.28,267
2025-12-22 10:30:00,24.1,37.0,1,337,10.05,85.68,265
2025-12-22 10:31:00,24.1,37.0,1,345,10.0,85.77,258
2025-12-22 10:32:00,24.25,37.0,1,343,9.97,85.67,271
2025-12-22 10:33:00,24.5,37.0,1,345,9.85,85.53,286
2025-12-22 10:34:00,24.5,37.0,1,345,9.82,85.62,289
2025-12-22 10:35:00,24.5,37.0,1,346,9.9,86.1,277
2025-12-22 10:36:00,24.5,37.0,1,342,10.0,86.35,285
2025-12-22 10:37:00,24.5,37.0,1,338,10.0,85.95,264
2025-12-22 10:38:00,24.5,37.0,1,341,10.0,85.87,265
2025-12-22 10:39:00,24.5,37.0,1,341,10.1,86.18,273
2025-12-22 10:40:00,24.5,37.0,1,342,10.12,86.08,270
2025-12-22 10:41:00,24.5,37.0,1,341,10.2,85.93,251
2025-12-22 10:42:00,24.5,37.0,1,343,10.22,85.92,246
2025-12-22 10:43:00,24.5,37.0,1,341,10.27,86.05,241
2025-12-22 10:44:00,24.5,37.0,1,342,10.24,86.26,243
2025-12-22 10:45:00,24.75,37.0,1,341,10.25,86.43,220
2025-12-22 10:46:00,24.8,37.0,1,340,10.2,86.37,204
2025-12-22 10:47:00,24.8,37.0,1,340,10.17,86.6,201
2025-12-22 10:48:00,24.8,37.0,1,341,10.1,86.82,198
2025-12-22 10:49:00,24.8,37.0,1,341,10.1,86.7,194
2025-12-22 10:50:00,24.8,37.0,1,339,10.1,86.47,182
2025-12-22 10:51:00,24.8,37.0,1,342,10.1,86.33,189
2025-12-22 10:52:00,24.8,37.0,1,343,10.17,86.38,186
2025-12-22 10:53:00,24.8,37.0,1,342,10.22,85.92,172
2025-12-22 10:54:00,24.8,37.0,1,340,10.28,85.32,171
2025-12-22 10:55:00,24.8,37.0,1,341,10.45,85.48,166
2025-12-22 10:56:00,24.8,37.0,1,342,10.6,85.2,173
2025-12-22 10:57:00,24.8,37.0,1,341,10.7,84.57,175
2025-12-22 10:58:00,24.8,37.0,1,342,10.75,83.85,170
2025-12-22 10:59:00,24.8,37.0,1,340,10.8,83.73,169
2025-12-22 11:00:00,24.8,37.0,1,345,10.87,84.0,184
2025-12-22 11:01:00,24.8,37.0,1,344,10.78,83.93,179
2025-12-22 11:02:00,24.88,37.0,1,342,10.7,84.5,186
2025-12-22 11:03:00,25.3,37.0,1,344,10.7,85.05,173
2025-12-22 11:04:00,25.32,37.0,1,341,10.7,85.1,174
2025-12-22 11:05:00,25.77,37.0,1,344,10.57,84.83,184
2025-12-22 11:06:00,25.33,37.0,1,345,10.52,84.83,169
2025-12-22 11:07:00,25.3,37.0,1,346,10.6,85.63,162
2025-12-22 11:08:00,25.3,37.0,1,343,10.62,86.03,168
2025-12-22 11:09:00,25.3,37.0,1,342,10.55,86.05,164
2025-12-22 11:10:00,25.8,37.0,1,346,10.53,86.45,157
2025-12-22 11:11:00,25.8,37.0,1,344,10.5,87.15,156
2025-12-22 11:12:00,25.8,37.0,1,344,10.5,87.37,145
2025-12-22 11:13:00,25.8,37.0,1,346,10.5,87.35,136
2025-12-22 11:14:00,25.8,37.0,1,345,10.53,87.57,119
2025-12-22 11:15:00,25.8,37.0,1,346,10.6,87.45,133
2025-12-22 11:16:00,25.8,37.0,1,346,10.6,87.4,126
2025-12-22 11:17:00,25.8,37.0,1,342,10.6,87.05,139
2025-12-22 11:18:00,25.8,37.0,1,341,10.6,86.78,121
2025-12-22 11:19:00,25.8,37.0,1,343,10.65,86.72,124
2025-12-22 11:20:00,25.8,37.0,1,343,10.73,86.38,138
2025-12-22 11:21:00,25.8,37.0,1,342,10.8,86.02,156
2025-12-22 11:22:00,26.13,37.0,1,342,10.8,85.77,144
2025-12-22 11:23:00,26.2,37.0,1,341,10.7,85.88,150
2025-12-22 11:24:00,26.2,37.0,1,342,10.75,86.37,145
2025-12-22 11:25:00,26.2,37.0,1,344,10.72,86.1,144
2025-12-22 11:26:00,26.2,37.0,1,345,10.55,85.72,158
2025-12-22 11:27:00,26.2,37.0,1,344,10.38,86.2,151
2025-12-22 11:28:00,26.2,37.0,1,344,10.28,86.9,146
2025-12-22 11:29:00,26.2,37.0,1,343,10.33,87.63,153
2025-12-22 11:30:00,26.2,37.0,1,344,10.45,88.0,164
2025-12-22 11:31:00,26.2,37.0,1,342,10.5,87.83,189
2025-12-22 11:32:00,26.4,37.0,1,342,10.5,87.52,150
2025-12-22 11:33:00,26.7,37.0,1,342,10.5,87.48,190
2025-12-22 11:34:00,26.7,37.0,1,340,10.5,87.6,157
2025-12-22 11:35:00,26.7,37.0,1,341,10.48,87.62,145
2025-12-22 11:36:00,26.7,37.0,1,340,10.5,87.8,158
2025-12-22 11:37:00,26.7,37.0,1,340,10.57,87.92,129
2025-12-22 11:38:00,26.7,37.0,1,342,10.57,87.52,113
2025-12-22 11:39:00,26.7,37.0,1,341,10.5,87.16,103
2025-12-22 11:40:00,26.7,37.0,1,340,10.6,87.33,117
2025-12-22 11:41:00,26.7,37.0,1,341,10.63,87.08,113
2025-12-22 11:42:00,26.7,37.0,1,339,10.7,86.73,79
2025-12-22 11:43:00,26.7,37.0,1,339,10.72,86.73,114
2025-12-22 11:44:00,27.08,36.83,1,340,10.8,86.7,86
2025-12-22 11:45:00,27.1,36.33,1,341,10.8,86.48,72
2025-12-22 11:46:00,27.1,36.0,1,342,10.9,86.58,121
2025-12-22 11:47:00,27.1,36.0,1,340,10.93,85.78,148
2025-12-22 11:48:00,27.1,36.0,1,342,10.9,85.6,147
2025-12-22 11:49:00,27.1,36.0,1,342,10.9,85.12,114
2025-12-22 11:50:00,27.1,36.0,1,342,10.88,84.77,45
2025-12-22 11:51:00,27.1,36.0,1,341,10.9,84.67,146
2025-12-22 11:52:00,27.1,36.0,1,343,10.95,84.57,153
2025-12-22 11:53:00,27.1,36.0,1,340,11.12,84.62,131
2025-12-22 11:54:00,27.1,36.0,1,343,11.25,83.98,113
2025-12-22 11:55:00,27.1,36.0,1,342,11.33,83.27,102
2025-12-22 11:56:00,27.1,36.0,1,342,11.4,82.83,48
2025-12-22 11:57:00,27.1,36.0,1,338,11.55,82.82,105
2025-12-22 11:58:00,27.1,36.0,1,340,11.67,82.67,79
2025-12-22 11:59:00,27.1,36.0,1,339,11.73,82.05,81
2025-12-22 12:00:00,27.1,36.0,1,340,11.87,81.93,66
2025-12-22 12:01:00,27.1,36.0,1,342,11.92,81.5,88
2025-12-22 12:02:00,27.12,36.0,1,338,11.9,81.52,76
2025-12-22 12:03:00,27.6,36.0,1,341,11.82,81.67,107
2025-12-22 12:04:00,27.6,36.0,1,339,11.82,82.43,100
2025-12-22 12:05:00,27.6,36.0,1,340,11.82,82.22,86
2025-12-22 12:06:00,27.6,36.0,1,338,11.68,82.08,74
2025-12-22 12:07:00,27.6,36.0,1,337,11.62,82.23,65
2025-12-22 12:08:00,27.6,36.0,1,656,11.73,82.82,63
2025-12-22 12:09:00,27.6,35.17,0,2254,11.67,82.18,118
2025-12-22 12:10:00,27.27,35.0,0,2229,11.55,81.62,53
2025-12-22 12:11:00,27.1,35.5,0,2207,11.5,81.82,60
2025-12-22 12:12:00,26.9,36.0,0,2163,11.42,81.87,102
2025-12-22 12:13:00,26.7,36.0,0,2155,11.47,82.25,79
2025-12-22 12:14:00,26.7,36.0,0,2183,11.67,82.27,76
2025-12-22 12:15:00,26.7,36.0,0,2171,11.78,81.5,53
2025-12-22 12:16:00,26.23,36.0,0,2153,11.73,80.92,55
2025-12-22 12:17:00,26.2,36.0,0,2158,11.7,80.92,98
2025-12-22 12:18:00,26.2,36.0,0,2171,11.7,81.0,97
2025-12-22 12:19:00,26.2,36.0,0,2172,11.73,80.67,63
2025-12-22 12:20:00,26.2,36.0,0,2182,11.8,80.28,104
2025-12-22 12:21:00,26.2,36.0,0,2188,11.83,79.95,59
2025-12-22 12:22:00,26.2,36.0,0,2214,11.78,79.78,53
2025-12-22 12:23:00,26.2,36.0,0,2243,11.68,80.47,91
2025-12-22 12:24:00,26.2,36.0,0,2281,11.8,81.05,93
2025-12-22 12:25:00,26.2,36.0,0,2322,11.8,81.0,101
2025-12-22 12:26:00,25.95,36.0,0,2363,11.78,80.98,113
2025-12-22 12:27:00,25.8,36.0,0,2320,11.8,80.85,124
2025-12-22 12:28:00,25.8,36.0,0,2262,11.85,80.63,110
2025-12-22 12:29:00,25.8,36.0,0,2172,11.8,80.78,82
2025-12-22 12:30:00,25.8,36.0,0,2120,11.75,80.85,113
2025-12-22 12:31:00,25.8,36.0,0,2076,11.73,81.25,58
2025-12-22 12:32:00,25.8,36.0,0,2042,11.83,81.33,66
2025-12-22 12:33:00,25.8,36.0,0,2024,11.98,81.12,81
2025-12-22 12:34:00,25.8,36.0,0,2020,12.0,80.76,54
2025-12-22 12:35:00,25.8,36.0,0,2016,12.0,80.58,78
2025-12-22 12:36:00,25.8,36.0,0,2009,12.0,80.53,95
2025-12-22 12:37:00,25.8,36.0,0,2001,12.07,80.33,91
2025-12-22 12:38:00,25.8,36.0,0,1993,12.22,80.28,66
2025-12-22 12:39:00,25.8,36.0,0,1994,12.32,79.9,63
2025-12-22 12:40:00,25.8,36.0,0,2000,12.4,79.5,50
2025-12-22 12:41:00,25.8,36.0,0,2007,12.4,79.3,79
2025-12-22 12:42:00,25.8,36.0,0,2008,12.4,79.23,91
2025-12-22 12:43:00,25.8,36.0,0,2013,12.3,79.32,120
2025-12-22 12:44:00,25.8,36.0,0,2036,12.3,79.23,87
2025-12-22 12:45:00,25.8,36.0,0,2042,12.3,79.42,67
2025-12-22 12:46:00,25.8,36.0,0,2039,12.3,79.62,95
2025-12-22 12:47:00,25.8,36.0,0,2062,12.3,79.58,117
2025-12-22 12:48:00,25.8,36.0,0,2096,12.32,79.67,110
2025-12-22 12:49:00,25.8,36.0,0,2124,12.37,79.67,75
2025-12-22 12:50:00,25.8,36.0,0,1841,12.4,79.47,109
2025-12-22 12:51:00,25.8,36.0,0,335,12.37,79.38,72
2025-12-22 12:52:00,25.8,36.5,0,332,12.38,79.6,87
2025-12-22 12:53:00,25.8,36.67,0,335,12.4,79.97,83
2025-12-22 12:54:00,25.8,36.67,1,336,12.35,80.15,80
2025-12-22 12:55:00,25.8,37.0,1,338,12.2,80.15,91
2025-12-22 12:56:00,25.8,37.0,1,336,12.1,80.35,116
2025-12-22 12:57:00,25.8,37.0,1,334,12.1,81.12,85
2025-12-22 12:58:00,26.17,37.0,1,334,12.07,81.17,94
2025-12-22 12:59:00,26.2,37.0,1,336,12.02,81.43,111
2025-12-22 13:00:00,26.1,37.0,1,335,11.95,81.25,89
2025-12-22 13:01:00,25.8,37.0,1,336,11.88,81.32,107
2025-12-22 13:02:00,25.98,37.0,1,338,11.95,81.87,112
2025-12-22 13:03:00,26.2,37.0,1,336,12.08,81.7,120
2025-12-22 13:04:00,26.2,37.0,1,336,12.22,81.1,136
2025-12-22 13:05:00,26.2,37.0,1,336,12.23,80.55,118
2025-12-22 13:06:00,26.2,37.0,1,336,12.12,80.12,138
2025-12-22 13:07:00,26.2,37.0,1,338,12.2,80.6,140
2025-12-22 13:08:00,26.2,37.0,1,337,12.22,80.23,140
2025-12-22 13:09:00,26.2,37.0,1,338,12.1,80.28,144
2025-12-22 13:10:00,26.2,37.0,1,339,12.1,80.53,140
2025-12-22 13:11:00,26.2,37.0,0,347,12.1,80.63,145
2025-12-22 13:12:00,26.2,36.83,0,2045,12.07,80.22,140
2025-12-22 13:13:00,26.2,37.0,0,2389,12.07,80.63,140
2025-12-22 13:14:00,26.2,36.5,0,2381,12.05,80.7,124
2025-12-22 13:15:00,26.2,36.0,0,2389,12.0,80.93,134
2025-12-22 13:16:00,26.2,36.0,0,2411,12.0,81.0,128
2025-12-22 13:17:00,26.2,36.0,0,2434,12.0,80.6,136
2025-12-22 13:18:00,26.2,36.0,0,2435,12.0,80.67,144
2025-12-22 13:19:00,26.12,36.0,0,2410,11.98,80.67,138
2025-12-22 13:20:00,25.8,36.0,0,2344,12.07,81.12,98
2025-12-22 13:21:00,25.8,36.0,0,2245,12.25,80.88,67
2025-12-22 13:22:00,25.8,36.0,0,2096,12.5,80.12,37
2025-12-22 13:23:00,25.8,36.0,0,1949,12.88,79.22,19
2025-12-22 13:24:00,25.8,36.0,0,1848,13.2,77.7,11
2025-12-22 13:25:00,25.8,36.0,0,1755,13.62,75.97,9
2025-12-22 13:26:00,25.8,36.0,0,1671,13.93,74.45,10
2025-12-22 13:27:00,25.8,36.0,0,1533,14.42,73.48,6
2025-12-22 13:28:00,25.8,36.0,0,1345,14.9,71.62,0
2025-12-22 13:29:00,25.8,36.0,0,1678,15.1,69.72,51
2025-12-22 13:30:00,25.8,36.0,0,1776,14.84,69.32,60
2025-12-22 13:31:00,25.8,36.0,0,1797,14.47,69.75,64
2025-12-22 13:32:00,25.8,36.0,0,1814,14.1,70.73,74
2025-12-22 13:33:00,25.8,36.0,0,1888,13.97,71.98,88
2025-12-22 13:34:00,25.8,36.0,0,1990,13.73,72.38,108
2025-12-22 13:35:00,25.8,36.0,0,2074,13.57,73.27,102
2025-12-22 13:36:00,25.8,36.0,0,2135,13.48,74.18,119
2025-12-22 13:37:00,25.8,36.17,0,335,13.38,74.85,132
2025-12-22 13:38:00,25.8,36.83,0,339,13.2,75.03,133
2025-12-22 13:39:00,25.8,36.83,0,317,13.03,75.63,153
2025-12-22 13:40:00,25.8,37.0,0,324,13.02,76.27,158
2025-12-22 13:41:00,25.8,36.83,0,324,12.93,76.08,169
2025-12-22 13:42:00,25.38,36.0,0,328,12.73,76.53,186
2025-12-22 13:43:00,25.3,36.0,0,330,12.53,76.72,175
2025-12-22 13:44:00,25.3,36.0,0,330,12.4,77.17,199
2025-12-22 13:45:00,24.83,36.0,0,335,12.4,77.67,181
2025-12-22 13:46:00,24.8,36.0,0,336,12.37,77.58,204
2025-12-22 13:47:00,24.8,36.0,0,337,12.0,78.95,230
2025-12-22 13:48:00,24.65,36.0,0,343,11.62,81.28,237
2025-12-22 13:49:00,24.5,36.17,0,342,11.35,82.83,248
2025-12-22 13:50:00,24.5,36.83,0,342,11.27,83.32,228
2025-12-22 13:51:00,24.5,37.0,0,338,11.17,83.7,196
2025-12-22 13:52:00,24.5,37.0,0,339,11.03,84.17,187
2025-12-22 13:53:00,24.5,37.0,0,340,10.98,84.57,178
2025-12-22 13:54:00,24.43,37.0,0,336,10.83,85.08,158
2025-12-22 13:55:00,24.1,37.0,0,337,10.8,85.3,163
2025-12-22 13:56:00,24.1,37.0,0,330,10.85,85.45,166
2025-12-22 13:57:00,24.1,37.0,0,331,10.93,85.38,159
2025-12-22 13:58:00,24.1,37.0,0,331,11.03,85.18,170
2025-12-22 13:59:00,24.1,37.0,0,335,11.1,84.8,179
2025-12-22 14:00:00,24.1,37.0,0,334,11.1,84.83,179
2025-12-22 14:01:00,24.1,37.0,0,334,11.12,84.7,168
2025-12-22 14:02:00,24.1,37.0,0,1147,11.18,84.8,164
2025-12-22 14:03:00,24.1,37.0,0,1545,11.33,84.88,168
2025-12-22 14:04:00,24.38,37.33,0,1564,11.48,84.7,162
2025-12-22 14:05:00,24.5,37.83,0,1576,11.57,84.25,175
2025-12-22 14:06:00,24.5,38.0,0,1590,11.6,83.88,180
2025-12-22 14:07:00,24.5,38.0,0,1584,11.6,83.82,170
2025-12-22 14:08:00,24.5,38.0,0,1565,11.65,83.45,160
2025-12-22 14:09:00,24.5,38.0,0,1532,11.7,83.28,160
2025-12-22 14:10:00,24.5,38.0,0,1516,11.68,82.62,163
2025-12-22 14:11:00,24.5,38.0,0,1507,11.67,82.72,169
2025-12-22 14:12:00,24.5,38.0,0,1513,11.7,82.63,168
2025-12-22 14:13:00,24.5,38.0,0,1523,11.62,82.22,162
2025-12-22 14:14:00,24.5,38.0,0,1534,11.67,82.38,160
2025-12-22 14:15:00,24.5,37.67,0,1559,11.62,82.33,159
2025-12-22 14:16:00,24.5,37.17,0,1594,11.63,82.22,167
2025-12-22 14:17:00,24.5,37.5,0,1629,11.6,82.15,170
2025-12-22 14:18:00,24.5,37.0,0,1642,11.52,82.02,189
2025-12-22 14:19:00,24.5,37.33,0,1629,11.5,82.6,188
2025-12-22 14:20:00,24.5,37.17,0,1591,11.57,83.25,176
2025-12-22 14:21:00,24.5,38.0,0,1552,11.7,83.15,190
2025-12-22 14:22:00,24.5,37.83,0,1512,11.77,82.53,148
2025-12-22 14:23:00,24.5,37.67,0,1479,11.8,82.57,142
2025-12-22 14:24:00,24.5,37.33,0,1453,11.8,82.3,144
2025-12-22 14:25:00,24.5,37.2,0,1429,11.86,82.24,149
2025-12-22 14:26:00,24.5,37.33,0,685,11.8,81.57,138
2025-12-22 14:27:00,24.5,38.0,0,317,11.67,81.65,144
2025-12-22 14:28:00,24.5,38.0,0,318,11.63,81.78,142
2025-12-22 14:29:00,24.5,38.0,0,318,11.6,81.42,138
2025-12-22 14:30:00,24.5,38.0,0,316,11.52,81.32,138
2025-12-22 14:31:00,24.5,38.0,0,317,11.6,81.42,112
2025-12-22 14:32:00,24.37,38.0,0,317,11.68,81.88,121
2025-12-22 14:33:00,24.1,38.0,1,313,11.75,82.08,124
2025-12-22 14:34:00,24.1,38.0,1,312,11.7,81.82,128
2025-12-22 14:35:00,24.1,38.0,1,310,11.67,81.85,94
2025-12-22 14:36:00,24.1,38.0,1,308,11.57,81.78,96
2025-12-22 14:37:00,24.1,38.0,1,307,11.58,81.93,89
2025-12-22 14:38:00,24.1,38.0,1,560,11.72,82.08,77
2025-12-22 14:39:00,24.1,38.0,1,1054,11.85,82.05,76
2025-12-22 14:40:00,24.1,38.0,1,1006,11.97,81.6,71
2025-12-22 14:41:00,24.1,38.0,1,662,12.03,80.95,65
2025-12-22 14:42:00,24.1,38.0,1,299,12.1,80.42,49
2025-12-22 14:43:00,24.1,38.0,1,298,12.12,79.88,54
2025-12-22 14:44:00,24.3,38.0,1,297,12.17,79.88,64
2025-12-22 14:45:00,24.5,38.0,1,298,12.2,79.88,67
2025-12-22 14:46:00,24.65,38.5,1,305,12.2,79.98,68
2025-12-22 14:47:00,24.8,38.83,1,300,12.17,79.85,76
2025-12-22 14:48:00,24.8,38.67,1,288,12.12,80.12,82
2025-12-22 14:49:00,24.55,38.0,1,291,11.85,80.37,95
2025-12-22 14:50:00,24.5,38.0,1,305,11.77,81.47,92
2025-12-22 14:51:00,24.5,38.0,1,310,11.92,81.43,70
2025-12-22 14:52:00,24.5,38.0,1,308,11.9,81.18,88
2025-12-22 14:53:00,24.5,38.0,1,310,11.92,80.92,94
2025-12-22 14:54:00,24.5,38.0,1,312,11.85,81.07,95
2025-12-22 14:55:00,24.75,38.0,1,314,11.92,80.92,108
2025-12-22 14:56:00,24.8,38.0,1,314,11.97,80.67,104
2025-12-22 14:57:00,24.8,38.0,1,310,11.9,80.78,95
2025-12-22 14:58:00,24.8,38.0,1,311,11.82,81.05,114
2025-12-22 14:59:00,24.87,38.0,1,313,11.8,81.78,107
2025-12-22 15:00:00,25.3,38.0,1,316,11.82,81.7,107
2025-12-22 15:01:00,25.3,38.0,1,318,11.9,81.6,132
2025-12-22 15:02:00,25.3,38.33,1,318,11.82,81.57,129
2025-12-22 15:03:00,25.3,39.0,1,319,11.83,81.98,121
2025-12-22 15:04:00,25.3,38.67,1,319,11.9,82.15,125
2025-12-22 15:05:00,25.3,39.0,1,320,11.88,81.92,126
2025-12-22 15:06:00,25.3,38.33,1,321,11.82,81.92,134
2025-12-22 15:07:00,25.3,38.0,1,319,11.72,81.95,119
2025-12-22 15:08:00,25.3,38.0,1,320,11.7,82.25,128
2025-12-22 15:09:00,25.3,38.0,1,348,11.68,81.87,126
2025-12-22 15:10:00,25.3,38.33,1,350,11.6,81.7,127
2025-12-22 15:11:00,25.3,38.5,1,350,11.58,81.68,131
2025-12-22 15:12:00,25.3,39.0,1,350,11.6,81.97,118
2025-12-22 15:13:00,25.3,39.0,1,351,11.6,81.77,131
2025-12-22 15:14:00,25.3,39.0,1,349,11.6,81.95,121
2025-12-22 15:15:00,25.3,39.0,1,353,11.6,81.78,125
2025-12-22 15:16:00,25.3,39.0,1,349,11.6,81.77,122
2025-12-22 15:17:00,25.3,39.17,1,347,11.63,81.72,124
2025-12-22 15:18:00,25.3,39.17,1,346,11.68,81.62,150
2025-12-22 15:19:00,25.3,39.4,1,350,11.72,81.66,152
2025-12-22 15:20:00,25.3,39.67,1,352,11.7,81.35,131
2025-12-22 15:21:00,25.3,40.0,1,350,11.7,81.5,136
2025-12-22 15:22:00,25.3,40.0,1,352,11.7,81.55,142
2025-12-22 15:23:00,25.3,39.0,1,353,11.7,81.67,135
2025-12-22 15:24:00,25.3,39.83,1,352,11.7,81.37,120
2025-12-22 15:25:00,25.3,39.0,1,350,11.7,81.18,131
2025-12-22 15:26:00,25.3,39.0,1,351,11.67,81.05,132
2025-12-22 15:27:00,25.3,40.0,1,356,11.7,80.9,116
2025-12-22 15:28:00,25.3,40.0,1,355,11.7,80.73,130
2025-12-22 15:29:00,25.3,40.0,1,353,11.7,80.68,120
2025-12-22 15:30:00,25.3,40.0,1,356,11.7,80.95,127
2025-12-22 15:31:00,25.3,40.0,1,358,11.73,80.63,125
2025-12-22 15:32:00,25.3,40.0,1,353,11.7,80.52,124
2025-12-22 15:33:00,25.3,40.0,1,354,11.73,80.63,103
2025-12-22 15:34:00,25.13,40.33,1,350,11.78,80.78,104
2025-12-22 15:35:00,24.82,40.83,1,349,11.93,80.97,93
2025-12-22 15:36:00,24.85,41.0,1,343,12.15,81.0,90
2025-12-22 15:37:00,25.25,41.0,1,342,12.2,80.13,87
2025-12-22 15:38:00,25.3,41.0,1,341,12.25,80.05,73
2025-12-22 15:39:00,25.3,41.0,1,340,12.42,79.9,72
2025-12-22 15:40:00,25.3,41.0,1,341,12.5,79.4,65
2025-12-22 15:41:00,25.3,41.0,1,339,12.5,79.13,83
2025-12-22 15:42:00,25.3,41.0,1,342,12.53,79.45,76
2025-12-22 15:43:00,25.3,41.0,1,341,12.6,79.37,93
2025-12-22 15:44:00,25.3,41.0,1,342,12.65,79.33,79
2025-12-22 15:45:00,25.3,41.0,1,340,12.73,78.68,73
2025-12-22 15:46:00,25.3,41.0,1,342,12.78,78.28,86
2025-12-22 15:47:00,25.3,41.0,1,342,12.68,78.23,89
2025-12-22 15:48:00,25.3,41.0,1,342,12.68,78.67,87
2025-12-22 15:49:00,25.3,41.17,1,343,12.77,78.52,105
2025-12-22 15:50:00,25.3,41.0,1,345,12.88,78.15,105
2025-12-22 15:51:00,25.3,41.0,1,336,12.9,77.92,114
2025-12-22 15:52:00,25.3,41.33,1,334,12.82,78.35,116
2025-12-22 15:53:00,24.95,41.0,1,345,12.8,78.5,117
2025-12-22 15:54:00,24.8,41.5,1,347,12.75,78.05,129
2025-12-22 15:55:00,24.8,41.5,1,346,12.77,78.23,136
2025-12-22 15:56:00,24.8,41.0,1,347,12.8,78.17,134
2025-12-22 15:57:00,24.8,41.5,1,349,12.72,78.0,138
2025-12-22 15:58:00,24.8,42.0,1,348,12.77,78.17,145
2025-12-22 15:59:00,24.8,42.0,1,347,12.75,77.82,136
2025-12-22 16:00:00,24.8,42.0,1,348,12.58,77.88,138
2025-12-22 16:01:00,24.8,41.83,1,350,12.5,78.57,146
2025-12-22 16:02:00,24.8,42.0,1,347,12.48,78.87,160
2025-12-22 16:03:00,24.8,42.0,1,348,12.42,78.72,176
2025-12-22 16:04:00,24.8,42.0,1,349,12.4,78.95,171
2025-12-22 16:05:00,24.8,42.0,1,350,12.35,78.97,175
2025-12-22 16:06:00,24.8,42.0,1,358,12.3,78.97,169
2025-12-22 16:07:00,24.8,42.0,1,1922,12.17,79.07,173
2025-12-22 16:08:00,24.8,42.0,0,2737,12.18,79.65,185
2025-12-22 16:09:00,24.8,42.0,0,2765,12.25,79.93,188
2025-12-22 16:10:00,24.8,42.0,0,2792,12.23,79.82,205
2025-12-22 16:11:00,24.78,42.0,0,2818,12.2,79.92,204
2025-12-22 16:12:00,24.5,42.0,0,2850,12.12,79.97,223
2025-12-22 16:13:00,24.5,42.0,0,2888,12.1,80.18,239
2025-12-22 16:14:00,24.5,42.0,0,2921,12.1,79.82,244
2025-12-22 16:15:00,24.5,42.0,0,2942,12.05,79.67,246
2025-12-22 16:16:00,24.5,42.0,0,2949,12.03,79.93,246
2025-12-22 16:17:00,24.5,42.0,0,2956,12.0,80.08,215
2025-12-22 16:18:00,24.5,42.0,0,2969,11.92,80.53,230
2025-12-22 16:19:00,24.5,42.0,0,2996,11.95,81.2,232
2025-12-22 16:20:00,24.5,42.0,0,3034,12.07,81.37,248
2025-12-22 16:21:00,24.5,42.0,0,3074,12.1,80.83,248
2025-12-22 16:22:00,24.5,42.0,0,3116,12.05,80.37,262
2025-12-22 16:23:00,24.5,42.0,0,3150,12.0,80.4,282
2025-12-22 16:24:00,24.5,42.0,0,3179,11.93,80.4,276
2025-12-22 16:25:00,24.5,42.0,0,3202,11.9,80.43,293
2025-12-22 16:26:00,24.5,42.0,0,3223,11.88,80.32,289
2025-12-22 16:27:00,24.5,42.0,0,3242,11.82,80.5,311
2025-12-22 16:28:00,24.5,42.0,0,3258,11.95,80.98,309
2025-12-22 16:29:00,24.5,42.0,0,3274,12.0,80.95,325
2025-12-22 16:30:00,24.5,41.83,0,3298,11.98,80.95,332
2025-12-22 16:31:00,24.5,41.67,0,3322,11.92,81.0,340
2025-12-22 16:32:00,24.5,41.83,0,3346,11.75,80.72,355
2025-12-22 16:33:00,24.47,42.0,0,3370,11.68,81.38,374
2025-12-22 16:34:00,24.12,41.5,0,3392,11.6,81.72,372
2025-12-22 16:35:00,24.1,41.33,0,3412,11.6,82.22,396
2025-12-22 16:36:00,24.1,41.0,0,3446,11.62,81.93,395
2025-12-22 16:37:00,24.1,41.0,0,3477,11.6,82.15,403
2025-12-22 16:38:00,24.1,41.0,0,3510,11.6,82.35,431
2025-12-22 16:39:00,24.1,41.0,0,3530,11.6,82.38,434
2025-12-22 16:40:00,24.1,41.0,0,3546,11.6,82.7,452
2025-12-22 16:41:00,24.1,41.0,0,3561,11.6,82.58,481
2025-12-22 16:42:00,24.1,41.0,0,3578,11.6,82.42,490
2025-12-22 16:43:00,24.1,41.0,0,3601,11.6,82.42,502
2025-12-22 16:44:00,24.1,41.0,0,3619,11.58,82.2,518
2025-12-22 16:45:00,24.1,41.0,0,3646,11.5,82.0,527
2025-12-22 16:46:00,24.1,41.0,0,3666,11.5,82.37,543
2025-12-22 16:47:00,24.1,41.0,0,3680,11.55,82.25,552
2025-12-22 16:48:00,24.1,41.0,0,3694,11.48,82.03,570
2025-12-22 16:49:00,24.1,41.0,0,3702,11.45,82.08,559
2025-12-22 16:50:00,24.1,41.0,0,3701,11.32,81.77,551
2025-12-22 16:51:00,24.1,41.0,0,3702,11.3,81.9,535
2025-12-22 16:52:00,24.1,41.0,0,3703,11.3,82.02,529
2025-12-22 16:53:00,24.1,41.0,0,3708,11.3,81.97,532
2025-12-22 16:54:00,24.1,41.0,0,1338,11.33,82.1,532
2025-12-22 16:55:00,24.1,41.0,0,156,11.4,82.22,558
2025-12-22 16:56:00,24.1,41.0,0,1349,11.35,81.85,572
2025-12-22 16:57:00,23.85,41.0,0,3780,11.32,81.67,606
2025-12-22 16:58:00,23.8,41.0,0,3799,11.27,81.4,630
2025-12-22 16:59:00,23.8,41.0,0,3822,11.27,81.33,639
2025-12-22 17:00:00,23.8,41.0,0,3849,11.28,81.45,634
2025-12-22 17:01:00,23.8,41.0,0,3859,11.22,81.28,642
2025-12-22 17:02:00,23.8,41.0,0,3867,11.2,81.23,640
2025-12-22 17:03:00,23.8,41.0,0,3873,11.2,81.33,632
2025-12-22 17:04:00,23.8,41.0,0,3873,11.1,81.45,630
2025-12-22 17:05:00,23.8,41.0,0,3866,11.1,81.75,632
2025-12-22 17:06:00,23.8,41.0,0,3859,11.1,82.1,621
2025-12-22 17:07:00,23.8,41.0,0,3847,11.13,82.43,616
2025-12-22 17:08:00,23.8,41.0,0,3837,11.17,82.05,611
2025-12-22 17:09:00,23.8,41.0,0,3833,11.1,81.88,604
2025-12-22 17:10:00,23.8,41.0,0,3834,11.12,81.97,603
2025-12-22 17:11:00,23.8,41.0,0,3847,11.15,81.98,610
2025-12-22 17:12:00,23.8,41.0,0,3858,11.15,81.92,621
2025-12-22 17:13:00,23.8,41.0,0,3864,11.17,82.07,628
2025-12-22 17:14:00,23.8,41.0,0,3877,11.2,82.15,634
2025-12-22 17:15:00,23.8,41.0,0,3889,11.18,81.92,656
2025-12-22 17:16:00,23.8,41.0,0,3904,11.12,81.93,660
2025-12-22 17:17:00,23.8,41.0,0,3923,11.1,82.23,665
2025-12-22 17:18:00,23.8,40.5,0,3943,11.15,82.53,684
2025-12-22 17:19:00,23.8,40.17,0,3962,11.13,82.38,710
2025-12-22 17:20:00,23.8,40.17,0,3989,11.0,81.73,737
2025-12-22 17:21:00,23.8,40.0,0,4018,11.0,81.92,772
2025-12-22 17:22:00,23.8,40.0,0,4057,11.0,82.12,835
2025-12-22 17:23:00,23.8,40.0,0,4090,11.0,82.23,881
2025-12-22 17:24:00,23.8,40.0,0,4095,10.9,82.32,927
2025-12-22 17:25:00,23.8,40.0,0,4095,10.83,82.6,969
2025-12-22 17:26:00,23.8,40.0,0,4095,10.8,83.12,990
2025-12-22 17:27:00,23.8,40.0,0,4095,10.78,83.35,1012
2025-12-22 17:28:00,23.8,40.0,0,4095,10.78,83.5,1040
2025-12-22 17:29:00,23.8,40.0,0,4095,10.8,83.45,1051
2025-12-22 17:30:00,23.8,40.0,0,4095,10.82,83.55,1017
2025-12-22 17:31:00,23.8,40.0,0,4095,10.9,83.52,1035
2025-12-22 17:32:00,23.8,40.0,0,4095,10.9,83.42,1071
2025-12-22 17:33:00,23.8,40.0,0,4095,10.9,83.45,1044
2025-12-22 17:34:00,23.8,40.0,0,4095,10.9,83.22,1091
2025-12-22 17:35:00,23.8,40.0,0,4095,10.9,83.35,1146
2025-12-22 17:36:00,23.8,40.0,0,4095,10.9,83.52,1187
2025-12-22 17:37:00,23.8,40.0,0,4095,10.9,83.55,1229
2025-12-22 17:38:00,23.8,40.0,0,4095,10.9,83.62,1250
2025-12-22 17:39:00,23.8,40.0,0,4095,10.93,83.68,1302
2025-12-22 17:40:00,23.8,40.0,0,4095,10.98,83.52,1339
2025-12-22 17:41:00,23.8,40.0,0,4095,10.87,83.28,1456
2025-12-22 17:42:00,23.8,40.0,0,4095,10.75,83.3,1473
2025-12-22 17:43:00,23.8,40.0,0,4095,10.7,83.6,1506
2025-12-22 17:44:00,23.8,40.0,0,4095,10.7,83.73,1589
2025-12-22 17:45:00,23.8,40.0,0,4095,10.7,83.78,1671
2025-12-22 17:46:00,23.8,40.0,0,4095,10.7,83.78,1770
2025-12-22 17:47:00,23.8,40.0,0,4095,10.65,83.77,1873
2025-12-22 17:48:00,23.8,40.0,0,4095,10.68,83.93,1990
2025-12-22 17:49:00,23.8,40.0,0,4095,10.7,84.07,2092
2025-12-22 17:50:00,23.8,40.0,0,4095,10.7,84.07,2205
2025-12-22 17:51:00,23.8,40.0,0,4095,10.72,84.07,2320
2025-12-22 17:52:00,23.8,40.0,0,4095,10.75,84.05,2438
2025-12-22 17:53:00,23.8,40.0,0,4095,10.63,83.92,2528
2025-12-22 17:54:00,23.8,40.0,0,4095,10.53,84.48,2625
2025-12-22 17:55:00,23.8,40.0,0,4095,10.5,84.93,2728
2025-12-22 17:56:00,23.8,40.0,0,4095,10.5,84.87,2817
2025-12-22 17:57:00,23.8,40.0,0,4095,10.5,84.83,2901
2025-12-22 17:58:00,23.8,40.0,0,4095,10.5,85.05,3015
2025-12-22 17:59:00,23.8,40.0,0,4095,10.45,84.87,3060
2025-12-22 18:00:00,23.8,40.0,0,4095,10.45,85.13,3131
2025-12-22 18:01:00,23.8,40.0,0,4095,10.5,85.1,3194
2025-12-22 18:02:00,23.8,40.0,0,4095,10.5,85.1,3256
2025-12-22 18:03:00,23.8,40.0,0,4095,10.52,85.06,3307
2025-12-22 18:04:00,23.8,40.0,0,4095,10.52,84.97,3330
2025-12-22 18:05:00,23.8,40.0,0,4095,10.5,84.97,3342
2025-12-22 18:06:00,23.8,40.0,0,4095,10.5,85.15,3380
2025-12-22 18:07:00,23.8,40.0,0,4095,10.4,85.15,3413
2025-12-22 18:08:00,23.8,40.0,0,4095,10.3,85.58,3440
2025-12-22 18:09:00,23.8,40.0,0,4095,10.3,85.88,3456
2025-12-22 18:10:00,23.8,40.0,0,4095,10.28,86.13,3488
2025-12-22 18:11:00,23.8,40.0,0,4095,10.27,86.23,3508
2025-12-22 18:12:00,23.8,40.0,0,4095,10.28,86.4,3528
2025-12-22 18:13:00,23.8,40.0,0,4095,10.3,86.22,3558
2025-12-22 18:14:00,23.8,40.0,0,4095,10.33,86.03,3569
2025-12-22 18:15:00,23.8,40.0,0,4095,10.32,85.88,3574
2025-12-22 18:16:00,23.8,40.0,0,4095,10.3,85.95,3565
2025-12-22 18:17:00,23.8,40.0,0,4095,10.3,86.23,3578
2025-12-22 18:18:00,23.8,40.0,0,4095,10.22,86.35,3584
2025-12-22 18:19:00,23.8,40.0,0,4095,10.2,86.55,3604
2025-12-22 18:20:00,23.77,40.0,0,4095,10.12,86.63,3591
2025-12-22 18:21:00,23.48,40.0,0,4095,10.1,86.82,3675
2025-12-22 18:22:00,23.4,40.0,0,4095,10.2,87.07,3694
2025-12-22 18:23:00,23.4,40.0,0,4095,10.2,86.75,3664
2025-12-22 18:24:00,23.4,40.0,0,4095,10.2,86.17,3686
2025-12-22 18:25:00,23.4,40.0,0,4095,10.22,85.93,3702
2025-12-22 18:26:00,23.4,40.0,0,4095,10.2,86.07,3720
2025-12-22 18:27:00,23.4,40.0,0,4095,10.13,86.58,3724
2025-12-22 18:28:00,23.4,40.0,0,4095,10.1,87.2,3735
2025-12-22 18:29:00,23.4,40.0,0,4095,10.1,87.62,3707
2025-12-22 18:30:00,23.4,40.0,0,4095,10.0,87.6,3716
2025-12-22 18:31:00,23.4,40.0,0,4095,10.0,87.72,3695
2025-12-22 18:32:00,23.4,40.0,0,4095,10.0,87.6,3706
2025-12-22 18:33:00,23.4,40.0,0,4095,10.0,87.4,3701
2025-12-22 18:34:00,23.4,40.0,0,4095,10.0,86.98,3703
2025-12-22 18:35:00,23.4,40.0,0,4095,10.0,86.8,3706
2025-12-22 18:36:00,23.4,40.0,0,4095,10.0,86.82,3690
2025-12-22 18:37:00,23.4,40.0,0,4095,10.0,86.82,3717
2025-12-22 18:38:00,23.4,40.0,0,4095,10.0,87.05,3698
2025-12-22 18:39:00,23.4,40.0,0,4095,10.0,86.95,3692
2025-12-22 18:40:00,23.4,40.0,0,4095,10.02,86.93,3704
2025-12-22 18:41:00,23.4,39.83,0,4095,10.05,86.87,3699
2025-12-22 18:42:00,23.4,39.67,0,4095,10.03,86.6,3703
2025-12-22 18:43:00,23.4,39.33,0,4095,10.02,86.55,3713
2025-12-22 18:44:00,23.4,39.5,0,4095,10.0,86.63,3702
2025-12-22 18:45:00,23.4,39.0,0,4095,10.1,86.78,3705
2025-12-22 18:46:00,23.4,39.0,0,4095,10.1,86.68,3702
2025-12-22 18:47:00,23.4,39.0,0,4095,10.0,86.77,3684
2025-12-22 18:48:00,23.4,39.0,0,4095,10.0,86.97,3691
2025-12-22 18:49:00,23.4,39.0,0,4095,10.0,87.13,3691
2025-12-22 18:50:00,23.4,39.0,0,4095,10.07,87.18,3702
2025-12-22 18:51:00,23.4,39.0,0,4095,10.05,87.03,3697
2025-12-22 18:52:00,23.4,39.0,0,4095,10.0,87.15,3687
2025-12-22 18:53:00,23.4,39.0,0,4095,10.0,87.47,3662
2025-12-22 18:54:00,23.4,39.0,0,4095,9.9,87.72,3689
2025-12-22 18:55:00,23.4,39.0,0,4095,9.9,87.97,3690
2025-12-22 18:56:00,23.4,39.0,0,4095,9.9,88.2,3660
2025-12-22 18:57:00,23.4,39.0,0,4095,9.98,88.28,3694
2025-12-22 18:58:00,23.4,39.0,0,4095,9.98,88.12,3694
2025-12-22 18:59:00,23.4,39.0,0,4095,9.97,88.25,3728
2025-12-22 19:00:00,23.4,39.0,0,4095,10.0,88.25,3725
2025-12-22 19:01:00,23.4,39.0,0,4095,10.0,88.18,3735
2025-12-22 19:02:00,23.4,39.0,0,4095,10.0,88.02,3720
2025-12-22 19:03:00,23.4,39.0,0,4095,10.0,87.98,3712
2025-12-22 19:04:00,23.4,39.0,0,4095,9.92,88.17,3723
2025-12-22 19:05:00,23.4,39.0,0,4095,10.0,88.5,3700
2025-12-22 19:06:00,23.4,39.0,0,4095,10.0,88.57,3716
2025-12-22 19:07:00,23.4,39.0,0,4095,10.0,88.4,3736
2025-12-22 19:08:00,23.4,39.0,0,4095,10.03,88.5,3749
2025-12-22 19:09:00,23.4,39.0,0,4095,10.1,88.38,3721
2025-12-22 19:10:00,23.4,39.0,0,4095,10.1,87.93,3744
2025-12-22 19:11:00,23.4,39.0,0,4095,10.08,87.68,3716
2025-12-22 19:12:00,23.4,39.0,0,4095,10.0,87.75,3728
2025-12-22 19:13:00,23.4,39.0,0,4095,10.0,88.02,3727
2025-12-22 19:14:00,23.4,39.0,0,4095,10.03,88.1,3705
2025-12-22 19:15:00,23.4,39.0,0,4095,10.1,88.07,3707
2025-12-22 19:16:00,23.4,39.0,0,4095,10.1,87.58,3733
2025-12-22 19:17:00,23.4,39.0,0,4095,10.1,87.27,3722
2025-12-22 19:18:00,23.4,39.0,0,4095,10.1,87.15,3730
2025-12-22 19:19:00,23.4,39.0,0,4095,10.1,87.07,3727
2025-12-22 19:20:00,23.4,39.0,0,4095,10.18,87.15,3729
2025-12-22 19:21:00,23.4,39.0,0,4095,10.2,86.92,3701
2025-12-22 19:22:00,23.4,39.0,0,4095,10.2,86.82,3727
2025-12-22 19:23:00,23.4,39.0,0,4095,10.2,86.75,3727
2025-12-22 19:24:00,23.4,39.0,0,4095,10.17,86.57,3724
2025-12-22 19:25:00,23.4,39.0,0,4095,10.1,86.63,3731
2025-12-22 19:26:00,23.4,39.0,0,4095,10.13,86.78,3732
2025-12-22 19:27:00,23.4,39.0,0,4095,10.2,86.75,3727
2025-12-22 19:28:00,23.4,39.0,0,4095,10.2,86.67,3723
2025-12-22 19:29:00,23.4,39.0,0,4095,10.2,86.35,3745
2025-12-22 19:30:00,23.4,39.0,0,4095,10.23,86.2,3748
2025-12-22 19:31:00,23.4,39.0,0,4095,10.33,86.22,3718
2025-12-22 19:32:00,23.4,39.0,0,4095,10.4,85.92,3724
2025-12-22 19:33:00,23.4,39.0,0,4095,10.4,85.57,3738
2025-12-22 19:34:00,23.4,39.0,0,4095,10.45,85.42,3744
2025-12-22 19:35:00,23.4,39.0,0,4095,10.5,85.3,3732
2025-12-22 19:36:00,23.4,39.0,0,4095,10.5,85.22,3755
2025-12-22 19:37:00,23.4,39.0,0,4095,10.43,84.98,3733
2025-12-22 19:38:00,23.4,39.0,0,4095,10.4,85.05,3731
2025-12-22 19:39:00,23.4,39.0,0,4095,10.4,85.22,3744
2025-12-22 19:40:00,23.4,39.0,0,4095,10.4,85.48,3728
2025-12-22 19:41:00,23.4,39.0,0,4095,10.4,85.65,3734
2025-12-22 19:42:00,23.4,39.0,0,4095,10.4,85.62,3731
2025-12-22 19:43:00,23.4,39.0,0,4095,10.38,85.73,3713
2025-12-22 19:44:00,23.4,39.0,0,4095,10.3,85.78,3734
2025-12-22 19:45:00,23.4,39.0,0,4095,10.3,85.88,3738
2025-12-22 19:46:00,23.4,39.0,0,4095,10.3,85.97,3727
2025-12-22 19:47:00,23.4,39.0,0,4095,10.38,85.97,3728
2025-12-22 19:48:00,23.4,39.0,0,4095,10.4,85.95,3726
2025-12-22 19:49:00,23.4,39.0,0,4095,10.4,85.85,3720
2025-12-22 19:50:00,23.4,39.0,0,4095,10.38,85.87,3759
2025-12-22 19:51:00,23.4,39.0,0,4095,10.3,85.84,3717
2025-12-22 19:52:00,23.4,39.0,0,4095,10.22,85.98,3730
2025-12-22 19:53:00,23.4,39.0,0,4095,10.2,86.35,3730
2025-12-22 19:54:00,23.4,39.0,0,4095,10.33,86.58,3714
2025-12-22 19:55:00,23.4,39.0,0,4095,10.38,86.18,3706
2025-12-22 19:56:00,23.4,39.0,0,4095,10.4,85.93,3712
2025-12-22 19:57:00,23.4,39.0,0,4095,10.42,85.65,3711
2025-12-22 19:58:00,23.4,39.0,0,4095,10.45,85.28,3721
2025-12-22 19:59:00,23.4,39.0,0,4095,10.42,84.83,3728
2025-12-22 20:00:00,23.4,39.0,0,4095,10.4,84.82,3738
2025-12-22 20:01:00,23.4,39.0,0,4095,10.43,85.05,3722
2025-12-22 20:02:00,23.4,39.0,0,4095,10.48,84.87,3713
2025-12-22 20:03:00,23.4,39.0,0,4095,10.43,84.37,3740
2025-12-22 20:04:00,23.4,39.0,0,4095,10.4,84.4,3752
2025-12-22 20:05:00,23.4,39.0,0,4095,10.38,84.47,3747
2025-12-22 20:06:00,23.4,39.0,0,4095,10.4,84.78,3739
2025-12-22 20:07:00,23.4,39.0,0,4095,10.48,84.78,3739
2025-12-22 20:08:00,23.4,39.0,0,4095,10.5,84.45,3741
2025-12-22 20:09:00,23.4,39.0,0,4095,10.5,84.2,3749
2025-12-22 20:10:00,23.4,39.0,0,4095,10.45,84.03,3730
2025-12-22 20:11:00,23.4,39.0,0,4095,10.42,84.22,3744
2025-12-22 20:12:00,23.4,39.0,0,4095,10.47,84.62,3735
2025-12-22 20:13:00,23.4,39.0,0,4095,10.5,84.75,3736
2025-12-22 20:14:00,23.4,39.0,0,4095,10.5,84.92,3745
2025-12-22 20:15:00,23.4,39.0,0,4095,10.45,85.05,3738
2025-12-22 20:16:00,23.4,39.0,0,4095,10.5,85.17,3725
2025-12-22 20:17:00,23.4,39.0,0,4095,10.48,85.18,3754
2025-12-22 20:18:00,23.4,39.0,0,4095,10.5,85.22,3742
2025-12-22 20:19:00,23.37,39.0,0,4095,10.5,85.15,3742
2025-12-22 20:20:00,23.25,39.0,0,4095,10.5,84.75,3722
2025-12-22 20:21:00,23.37,39.0,0,4095,10.5,84.35,3725
2025-12-22 20:22:00,23.3,39.0,0,4095,10.5,83.98,3731
2025-12-22 20:23:00,23.12,39.0,0,4095,10.48,83.45,3738
2025-12-22 20:24:00,23.05,39.0,0,4095,10.5,83.35,3742
2025-12-22 20:25:00,23.0,39.0,0,4095,10.58,83.03,3770
2025-12-22 20:26:00,23.0,39.0,0,4095,10.6,82.62,3725
2025-12-22 20:27:00,23.0,39.0,0,4095,10.6,82.68,3696
2025-12-22 20:28:00,23.0,39.0,0,4095,10.6,83.2,3736
2025-12-22 20:29:00,23.0,39.0,0,4095,10.6,83.3,3738
2025-12-22 20:30:00,23.0,39.0,0,4095,10.55,83.28,3728
2025-12-22 20:31:00,23.0,39.0,0,4095,10.5,83.57,3733
2025-12-22 20:32:00,23.0,39.0,0,4095,10.5,83.87,3722
2025-12-22 20:33:00,23.0,39.0,0,4095,10.5,84.18,3718
2025-12-22 20:34:00,23.0,39.0,0,4095,10.5,84.47,3720
2025-12-22 20:35:00,23.0,39.0,0,4095,10.5,84.53,3742
2025-12-22 20:36:00,23.0,39.0,0,4095,10.5,84.47,3738
2025-12-22 20:37:00,23.0,39.0,0,4095,10.5,84.47,3743
2025-12-22 20:38:00,23.0,39.0,0,4095,10.5,84.63,3749
2025-12-22 20:39:00,23.0,39.0,0,4095,10.5,84.68,3747
2025-12-22 20:40:00,23.0,39.0,0,4095,10.5,84.48,3735
2025-12-22 20:41:00,23.0,39.0,0,4095,10.5,84.33,3739
2025-12-22 20:42:00,23.0,39.0,0,4095,10.5,84.28,3742
2025-12-22 20:43:00,23.0,39.0,0,4095,10.5,84.23,3749
2025-12-22 20:44:00,23.0,39.0,0,4095,10.5,84.3,3756
2025-12-22 20:45:00,23.0,39.0,0,4095,10.56,84.22,3768
2025-12-22 20:46:00,23.0,39.0,0,4095,10.6,83.98,3754
2025-12-22 20:47:00,23.0,39.0,0,4095,10.6,83.67,3729
2025-12-22 20:48:00,23.0,39.0,0,4095,10.6,83.58,3757
2025-12-22 20:49:00,23.0,39.0,0,4095,10.6,83.58,3729
2025-12-22 20:50:00,23.0,39.0,0,4095,10.6,83.48,3752
2025-12-22 20:51:00,23.0,39.0,0,4095,10.52,83.63,3736
2025-12-22 20:52:00,23.0,39.0,0,4095,10.5,83.57,3749
2025-12-22 20:53:00,23.0,39.0,0,4095,10.47,83.57,3758
2025-12-22 20:54:00,23.0,39.0,0,4095,10.45,83.45,3745
2025-12-22 20:55:00,23.0,39.0,0,4095,10.4,83.32,3760
2025-12-22 20:56:00,23.0,39.0,0,4095,10.3,83.33,3745
2025-12-22 20:57:00,23.0,39.0,0,4095,10.32,83.62,3741
2025-12-22 20:58:00,23.0,39.0,0,4095,10.37,83.93,3741
2025-12-22 20:59:00,23.0,39.0,0,4095,10.4,83.98,3737
2025-12-22 21:00:00,23.0,39.0,0,4095,10.4,83.68,3747
2025-12-22 21:01:00,23.0,39.0,0,4095,10.45,83.47,3739
2025-12-22 21:02:00,23.0,39.0,0,4095,10.5,83.35,3738
2025-12-22 21:03:00,23.0,39.0,0,4095,10.5,83.3,3740
2025-12-22 21:04:00,23.0,39.0,0,4095,10.53,83.07,3739
2025-12-22 21:05:00,23.0,39.0,0,4095,10.6,82.65,3750
2025-12-22 21:06:00,23.0,39.0,0,4095,10.6,82.42,3740
2025-12-22 21:07:00,23.0,39.0,0,4095,10.6,82.4,3745
2025-12-22 21:08:00,23.0,39.0,0,4095,10.6,82.4,3722
2025-12-22 21:09:00,23.0,39.0,0,4095,10.67,82.2,3728
2025-12-22 21:10:00,23.0,39.0,0,4095,10.7,82.12,3750
2025-12-22 21:11:00,23.0,39.0,0,4095,10.7,82.25,3732
2025-12-22 21:12:00,23.0,39.0,0,4095,10.7,82.37,3734
2025-12-22 21:13:00,23.0,39.0,0,4095,10.7,82.25,3739
2025-12-22 21:14:00,23.0,39.0,0,4095,10.68,82.1,3743
2025-12-22 21:15:00,23.0,39.0,0,4095,10.7,81.97,3745
2025-12-22 21:16:00,23.0,39.0,0,4095,10.7,81.87,3717
2025-12-22 21:17:00,23.0,39.0,0,4095,10.7,81.8,3729
2025-12-22 21:18:00,23.0,39.0,0,4095,10.7,81.75,3726
2025-12-22 21:19:00,23.0,39.0,0,4095,10.7,81.82,3750
2025-12-22 21:20:00,23.0,39.0,0,4095,10.7,81.78,3744
2025-12-22 21:21:00,23.0,39.0,0,4095,10.7,81.83,3728
2025-12-22 21:22:00,23.0,39.0,0,4095,10.7,82.0,3719
2025-12-22 21:23:00,23.0,39.0,0,4095,10.7,81.92,3733
2025-12-22 21:24:00,23.0,39.0,0,4095,10.7,81.8,3751
2025-12-22 21:25:00,23.0,39.0,0,4095,10.7,81.88,3708
2025-12-22 21:26:00,23.0,39.0,0,4095,10.63,82.03,3732
2025-12-22 21:27:00,23.0,39.0,0,4095,10.63,82.32,3732
2025-12-22 21:28:00,23.0,39.0,0,4095,10.6,82.45,3742
2025-12-22 21:29:00,23.0,39.0,0,4095,10.6,82.5,3736
2025-12-22 21:30:00,23.0,39.0,0,4095,10.6,82.65,3736
2025-12-22 21:31:00,23.0,39.0,0,4095,10.52,82.72,3756
2025-12-22 21:32:00,23.0,39.0,0,4095,10.52,83.0,3716
2025-12-22 21:33:00,23.0,39.0,0,4095,10.5,83.08,3738
2025-12-22 21:34:00,23.0,39.0,0,4095,10.5,83.23,3736
2025-12-22 21:35:00,23.0,39.0,0,4095,10.5,83.37,3711
2025-12-22 21:36:00,23.0,39.0,0,4095,10.5,83.43,3718
2025-12-22 21:37:00,23.0,39.0,0,4095,10.47,83.65,3718
2025-12-22 21:38:00,23.0,39.0,0,4095,10.44,83.88,3743
2025-12-22 21:39:00,23.0,39.0,0,4095,10.4,84.05,3720
2025-12-22 21:40:00,23.0,39.0,0,4095,10.4,84.22,3740
2025-12-22 21:41:00,23.0,39.0,0,4095,10.4,84.33,3730
2025-12-22 21:42:00,23.0,39.0,0,4095,10.4,84.42,3738
2025-12-22 21:43:00,23.0,39.0,0,4095,10.35,84.55,3730
2025-12-22 21:44:00,23.0,39.0,0,4095,10.3,84.77,3730
2025-12-22 21:45:00,23.0,39.0,0,4095,10.3,85.13,3739
2025-12-22 21:46:00,23.0,39.0,0,4095,10.3,85.33,3745
2025-12-22 21:47:00,23.0,39.0,0,4095,10.33,85.33,3764
2025-12-22 21:48:00,23.0,39.0,0,4095,10.32,85.35,3732
2025-12-22 21:49:00,23.0,39.0,0,4095,10.33,85.2,3726
2025-12-22 21:50:00,23.0,39.0,0,4095,10.33,85.18,3760
2025-12-22 21:51:00,23.0,39.0,0,4095,10.35,85.18,3730
2025-12-22 21:52:00,23.0,39.0,0,4095,10.3,85.08,3751
2025-12-22 21:53:00,23.0,39.0,0,4095,10.23,84.97,3750
2025-12-22 21:54:00,23.0,39.0,0,4095,10.17,85.28,3752
2025-12-22 21:55:00,23.0,39.0,0,4095,10.18,85.82,3749
2025-12-22 21:56:00,23.0,39.0,0,4095,10.2,85.88,3734
2025-12-22 21:57:00,23.0,39.0,0,4095,10.22,85.78,3714
2025-12-22 21:58:00,23.0,39.0,0,4095,10.28,85.7,3726
2025-12-22 21:59:00,23.0,39.0,0,4095,10.3,85.53,3721
2025-12-22 22:00:00,23.0,39.0,0,4095,10.22,85.27,3740
2025-12-22 22:01:00,23.0,39.0,0,4095,10.23,85.43,3740
2025-12-22 22:02:00,23.0,39.0,0,4095,10.27,85.42,3734
2025-12-22 22:03:00,23.0,39.0,0,4095,10.22,85.47,3748
2025-12-22 22:04:00,23.0,39.0,0,4095,10.3,85.53,3747
2025-12-22 22:05:00,23.0,39.0,0,4095,10.3,85.4,3733
2025-12-22 22:06:00,23.0,39.0,0,4095,10.28,85.3,3764
2025-12-22 22:07:00,23.0,39.0,0,4095,10.2,85.18,3733
2025-12-22 22:08:00,23.0,39.0,0,4095,10.2,85.15,3764
2025-12-22 22:09:00,23.0,39.0,0,4095,10.17,85.12,3759
2025-12-22 22:10:00,23.0,39.0,0,4095,10.2,85.38,3757
2025-12-22 22:11:00,23.0,39.0,0,4095,10.2,85.93,3746
2025-12-22 22:12:00,23.0,39.0,0,4095,10.12,85.95,3716
2025-12-22 22:13:00,23.0,39.0,0,4095,10.03,86.45,3745
2025-12-22 22:14:00,23.0,39.0,0,4095,10.0,86.6,3747
2025-12-22 22:15:00,23.0,39.0,0,4095,9.93,86.48,3745
2025-12-22 22:16:00,23.0,39.0,0,4095,9.97,86.68,3752
2025-12-22 22:17:00,23.0,39.0,0,4095,9.92,86.58,3770
2025-12-22 22:18:00,23.0,39.0,0,4095,9.9,86.15,3775
2025-12-22 22:19:00,23.0,39.0,0,4095,9.9,86.1,3743
2025-12-22 22:20:00,23.0,39.0,0,4095,9.95,86.38,3776
2025-12-22 22:21:00,23.0,39.0,0,4095,10.02,86.65,3768
2025-12-22 22:22:00,23.0,39.0,0,4095,9.98,86.3,3732
2025-12-22 22:23:00,23.0,39.0,0,4095,9.9,86.27,3781
2025-12-22 22:24:00,23.0,39.0,0,4095,9.9,86.52,3765
2025-12-22 22:25:00,23.0,39.0,0,4095,9.9,86.73,3767
2025-12-22 22:26:00,23.0,39.0,0,4095,9.8,86.9,3752
2025-12-22 22:27:00,23.0,39.0,0,4095,9.78,87.25,3767
2025-12-22 22:28:00,23.0,39.0,0,4095,9.77,87.88,3768
2025-12-22 22:29:00,23.0,39.0,0,4095,9.9,88.22,3777
2025-12-22 22:30:00,23.0,39.0,0,4095,9.95,87.97,3770
2025-12-22 22:31:00,23.0,39.0,0,4095,9.97,87.6,3740
2025-12-22 22:32:00,23.0,39.0,0,4095,9.94,87.24,3760
2025-12-22 22:33:00,23.0,39.0,0,4095,10.0,87.15,3742
2025-12-22 22:34:00,23.0,39.0,0,4095,9.97,86.93,3763
2025-12-22 22:35:00,23.0,39.0,0,4095,9.9,86.88,3762
2025-12-22 22:36:00,23.0,39.0,0,4095,9.9,87.22,3718
2025-12-22 22:37:00,23.0,39.0,0,4095,9.88,87.3,3749
2025-12-22 22:38:00,23.0,39.0,0,4095,9.88,87.57,3749
2025-12-22 22:39:00,23.0,39.0,0,4095,9.9,87.58,3733
2025-12-22 22:40:00,23.0,39.0,0,4095,9.9,87.67,3742
2025-12-22 22:41:00,23.0,39.0,0,4095,10.0,87.63,3731
2025-12-22 22:42:00,23.0,39.0,0,4095,9.95,87.32,3750
2025-12-22 22:43:00,23.0,39.0,0,4095,9.9,87.32,3743
2025-12-22 22:44:00,23.0,39.0,0,4095,9.9,87.37,3719
2025-12-22 22:45:00,23.0,39.0,0,4095,9.88,87.4,3736
2025-12-22 22:46:00,23.0,39.0,0,4095,9.87,87.42,3749
2025-12-22 22:47:00,23.0,39.0,0,4095,9.8,87.5,3756
2025-12-22 22:48:00,23.0,39.0,0,4095,9.85,87.58,3766
2025-12-22 22:49:00,23.0,39.0,0,4095,9.82,87.12,3983
2025-12-22 22:50:00,23.0,39.0,0,4095,9.87,86.67,3965
2025-12-22 22:51:00,23.0,39.0,0,4095,9.9,86.72,3967
2025-12-22 22:52:00,23.0,39.0,0,4095,9.95,86.45,3970
2025-12-22 22:53:00,23.0,39.0,0,4095,9.95,86.48,3992
2025-12-22 22:54:00,23.0,39.0,0,4095,10.0,86.58,3987
2025-12-22 22:55:00,23.0,39.0,0,4095,10.08,86.22,3970
2025-12-22 22:56:00,23.0,39.0,0,4095,10.1,85.57,3979
2025-12-22 22:57:00,23.0,39.0,0,4095,10.1,84.98,3985
2025-12-22 22:58:00,23.0,39.0,0,4095,10.1,84.67,3996
2025-12-22 22:59:00,23.0,39.0,0,4095,10.1,84.28,3979
2025-12-22 23:00:00,23.0,39.0,0,4095,10.1,84.2,3984
2025-12-22 23:01:00,23.0,39.0,0,4095,10.1,84.3,3974
2025-12-22 23:02:00,23.0,39.0,0,4095,10.17,84.25,4016
2025-12-22 23:03:00,23.0,39.0,0,4095,10.12,83.77,3976
2025-12-22 23:04:00,23.0,39.0,0,4095,10.13,83.93,3991
2025-12-22 23:05:00,23.0,39.0,0,4095,10.2,84.0,3998
2025-12-22 23:06:00,23.0,39.0,0,4095,10.28,83.78,3984
2025-12-22 23:07:00,23.0,39.0,0,4095,10.3,83.52,3978
2025-12-22 23:08:00,23.0,39.0,0,4095,10.27,83.38,3993
2025-12-22 23:09:00,23.0,39.0,0,4095,10.2,83.15,4006
2025-12-22 23:10:00,23.0,39.0,0,4095,10.15,83.1,3985
2025-12-22 23:11:00,23.0,39.0,0,4095,10.1,83.25,3992
2025-12-22 23:12:00,23.0,39.0,0,4095,10.1,83.2,4009
2025-12-22 23:13:00,23.0,39.0,0,4095,10.12,83.42,3994
2025-12-22 23:14:00,23.0,39.0,0,4095,10.1,83.32,3998
2025-12-22 23:15:00,23.0,39.0,0,4095,10.1,83.23,3990
2025-12-22 23:16:00,23.0,39.0,0,4095,10.13,83.0,3989
2025-12-22 23:17:00,23.0,39.0,0,4095,10.07,82.45,3989
2025-12-22 23:18:00,23.0,39.0,0,4095,10.08,82.63,4006
2025-12-22 23:19:00,23.0,39.0,0,4095,10.03,82.73,3986
2025-12-22 23:20:00,23.0,39.0,0,4095,10.0,82.93,3988
2025-12-22 23:21:00,23.0,39.0,0,4095,10.02,83.17,3982
2025-12-22 23:22:00,23.0,39.0,0,4095,10.07,83.18,3991
2025-12-22 23:23:00,23.0,39.0,0,4095,10.03,83.0,4002
2025-12-22 23:24:00,23.0,39.0,0,4095,10.0,83.13,3981
2025-12-22 23:25:00,23.0,39.0,0,4095,10.0,83.3,3998
2025-12-22 23:26:00,23.0,39.0,0,4095,9.92,83.38,3984
2025-12-22 23:27:00,23.0,39.0,0,4095,9.98,83.75,4024
2025-12-22 23:28:00,23.0,39.0,0,4095,10.02,83.77,3967
2025-12-22 23:29:00,23.0,39.0,0,4095,10.1,83.63,4002
2025-12-22 23:30:00,23.0,39.0,0,4095,10.1,83.58,4015
2025-12-22 23:31:00,23.0,39.0,0,4095,10.08,83.6,4008
2025-12-22 23:32:00,23.0,39.0,0,4095,10.02,83.77,4019
2025-12-22 23:33:00,23.0,39.0,0,4095,10.03,84.07,3996
2025-12-22 23:34:00,23.0,39.0,0,4095,10.1,84.2,4002
2025-12-22 23:35:00,23.0,39.0,0,4095,10.1,84.22,3986
2025-12-22 23:36:00,23.0,39.0,0,4095,10.1,84.05,4019
2025-12-22 23:37:00,23.0,39.0,0,4095,10.07,83.97,4006
2025-12-22 23:38:00,23.0,39.0,0,4095,10.0,84.18,3988
2025-12-22 23:39:00,23.0,39.0,0,4095,10.0,84.3,3989
2025-12-22 23:40:00,23.0,39.0,0,4095,10.0,84.6,4012
2025-12-22 23:41:00,23.0,39.0,0,4095,9.93,84.58,3994
2025-12-22 23:42:00,23.0,39.0,0,4095,9.93,84.88,3987
2025-12-22 23:43:00,23.0,39.0,0,4095,9.98,85.12,4006
2025-12-22 23:44:00,23.0,39.0,0,4095,10.0,85.13,4004
2025-12-22 23:45:00,23.0,39.0,0,4095,10.0,85.15,4002
2025-12-22 23:46:00,23.0,39.0,0,4095,10.0,85.1,4014
2025-12-22 23:47:00,23.0,39.0,0,4095,10.0,85.18,4011
2025-12-22 23:48:00,23.0,39.0,0,4095,10.1,85.2,4015
2025-12-22 23:49:00,23.0,39.0,0,4095,10.05,84.98,4017
2025-12-22 23:50:00,23.0,39.0,0,4095,10.0,85.05,4006
2025-12-22 23:51:00,23.0,39.0,0,4095,10.0,85.3,4014
2025-12-22 23:52:00,23.0,39.0,0,4095,9.98,85.6,4033
2025-12-22 23:53:00,23.0,39.0,0,4095,9.97,85.87,4008
2025-12-22 23:54:00,23.0,39.0,0,4095,9.83,86.18,4022
2025-12-22 23:55:00,23.0,39.0,0,4095,9.8,86.82,4031
2025-12-22 23:56:00,23.0,39.0,0,4095,9.8,87.18,4016
2025-12-22 23:57:00,23.0,39.0,0,4095,9.8,87.4,4001
2025-12-22 23:58:00,23.0,39.0,0,4095,9.72,87.4,4027
2025-12-22 23:59:00,23.0,39.0,0,4095,9.7,87.9,4029